frame_index,left_knee_angle_deg,right_knee_angle_deg,left_hip_visibility,left_knee_visibility,left_ankle_visibility,right_hip_visibility,right_knee_visibility,right_ankle_visibility,left_angle_status,right_angle_status
0,164.8184,,0.9999,0.5167,0.781,0.9998,0.0187,0.0914,valid,chain_incomplete
1,164.9685,,0.9999,0.555,0.7589,0.9998,0.0233,0.0885,valid,chain_incomplete
2,164.8316,,0.9999,0.5007,0.7419,0.9998,0.0181,0.0732,valid,chain_incomplete
3,,,0.9999,0.1515,0.457,0.9997,0.003,0.0203,chain_incomplete,chain_incomplete
4,,,0.9999,0.2509,0.615,0.9998,0.0053,0.0324,chain_incomplete,chain_incomplete
5,167.2387,,0.9999,0.7347,0.8895,0.9999,0.0371,0.1493,valid,chain_incomplete
6,166.7492,,0.9999,0.736,0.921,0.9999,0.0351,0.1682,valid,chain_incomplete
7,165.3251,,0.9999,0.8023,0.9451,0.9998,0.0441,0.2216,valid,chain_incomplete
8,166.6559,,0.9999,0.819,0.9455,0.9999,0.0587,0.231,valid,chain_incomplete
9,168.1066,,0.9999,0.7904,0.946,0.9999,0.0342,0.1805,valid,chain_incomplete
10,168.4296,,0.9999,0.8106,0.9438,0.9999,0.0497,0.2079,valid,chain_incomplete
11,168.6045,,0.9999,0.8099,0.9456,0.9999,0.0458,0.1963,valid,chain_incomplete
12,169.867,,0.9999,0.7784,0.9314,0.9999,0.0593,0.2175,valid,chain_incomplete
13,166.3606,,0.9999,0.8334,0.9487,0.9999,0.0545,0.2293,valid,chain_incomplete
14,167.7728,,0.9999,0.9043,0.9683,0.9999,0.1126,0.3845,valid,chain_incomplete
15,167.6691,,0.9999,0.709,0.8919,0.9999,0.0425,0.1448,valid,chain_incomplete
16,166.9999,,1.0,0.7105,0.85,0.9999,0.0417,0.1252,valid,chain_incomplete
17,167.0957,,0.9999,0.6624,0.8839,0.9999,0.0314,0.118,valid,chain_incomplete
18,166.9872,,0.9999,0.73,0.9161,0.9998,0.0369,0.1492,valid,chain_incomplete
19,168.5658,,0.9999,0.8498,0.9474,0.9999,0.064,0.2486,valid,chain_incomplete
20,165.7469,,0.9999,0.821,0.9421,0.9999,0.0735,0.2603,valid,chain_incomplete
21,167.1307,,0.9999,0.7391,0.9061,0.9999,0.0508,0.185,valid,chain_incomplete
22,167.9947,,0.9999,0.7525,0.8926,0.9999,0.0492,0.1745,valid,chain_incomplete
23,168.8619,,0.9999,0.6979,0.8477,0.9999,0.047,0.1627,valid,chain_incomplete
24,167.5008,,0.9999,0.6908,0.8627,0.9999,0.0462,0.1749,valid,chain_incomplete
25,168.1587,,0.9999,0.7354,0.8578,0.9999,0.0533,0.1856,valid,chain_incomplete
26,167.7798,,0.9999,0.8258,0.9279,0.9999,0.0847,0.2717,valid,chain_incomplete
27,170.2589,,0.9999,0.6745,0.8283,0.9999,0.0394,0.1338,valid,chain_incomplete
28,167.8402,,1.0,0.7266,0.8817,1.0,0.0481,0.1951,valid,chain_incomplete
29,168.0819,,0.9999,0.6552,0.8327,0.9999,0.0332,0.1371,valid,chain_incomplete
30,170.0231,,1.0,0.7556,0.8703,0.9999,0.051,0.1783,valid,chain_incomplete
31,168.2261,,0.9999,0.6448,0.7994,0.9999,0.0386,0.1304,valid,chain_incomplete
32,170.8204,,0.9999,0.5036,0.7773,0.9999,0.0256,0.1231,valid,chain_incomplete
33,171.3686,,0.9999,0.605,0.8709,0.9999,0.0295,0.1421,valid,chain_incomplete
34,170.9018,,0.9999,0.5217,0.8193,0.9999,0.0237,0.1128,valid,chain_incomplete
35,,,0.9999,0.4944,0.784,0.9999,0.0263,0.1284,chain_incomplete,chain_incomplete
36,171.1048,,1.0,0.6497,0.8762,0.9999,0.0351,0.1403,valid,chain_incomplete
37,171.7137,,0.9999,0.7058,0.913,0.9999,0.0591,0.263,valid,chain_incomplete
38,168.5206,,1.0,0.6741,0.8836,1.0,0.0435,0.1567,valid,chain_incomplete
39,172.6528,,1.0,0.9137,0.9866,0.9999,0.1289,0.5134,valid,chain_incomplete
40,174.7743,,1.0,0.8867,0.9897,0.9999,0.0693,0.448,valid,chain_incomplete
41,,,0.9999,0.0493,0.2947,0.9998,0.001,0.0061,chain_incomplete,chain_incomplete
42,,,1.0,0.3909,0.694,0.9999,0.011,0.0417,chain_incomplete,chain_incomplete
43,166.5161,,1.0,0.6378,0.815,0.9999,0.0291,0.0772,valid,chain_incomplete
44,163.7346,,0.9999,0.5145,0.6814,0.9999,0.0188,0.0466,valid,chain_incomplete
45,155.3995,,0.9999,0.6736,0.6889,0.9999,0.0382,0.0704,valid,chain_incomplete
46,148.3069,,0.9999,0.7981,0.8404,0.9999,0.0572,0.1018,valid,chain_incomplete
47,136.4658,,0.9999,0.7005,0.7638,0.9998,0.054,0.0965,valid,chain_incomplete
48,134.2581,,0.9999,0.7266,0.8269,0.9998,0.0625,0.1114,valid,chain_incomplete
49,120.4433,,0.9999,0.6922,0.7128,0.9998,0.0674,0.1126,valid,chain_incomplete
50,120.4232,,0.9999,0.7737,0.796,0.9999,0.0909,0.1584,valid,chain_incomplete
51,119.1118,,0.9999,0.8424,0.8634,0.9999,0.0913,0.2003,valid,chain_incomplete
52,119.9027,,0.9999,0.7342,0.7765,0.9999,0.0674,0.1488,valid,chain_incomplete
53,114.893,,1.0,0.9303,0.9467,0.9999,0.2238,0.5167,valid,chain_incomplete
54,123.8021,,1.0,0.9683,0.9752,1.0,0.244,0.4982,valid,chain_incomplete
55,127.9095,,1.0,0.9701,0.9807,1.0,0.3423,0.641,valid,chain_incomplete
56,131.3968,,1.0,0.9582,0.9825,1.0,0.3296,0.6741,valid,chain_incomplete
57,138.9345,,1.0,0.9661,0.9865,1.0,0.3824,0.7339,valid,chain_incomplete
58,144.4301,,1.0,0.9713,0.9882,1.0,0.464,0.791,valid,chain_incomplete
59,147.2435,,1.0,0.978,0.9905,1.0,0.4619,0.7812,valid,chain_incomplete
60,155.7024,,1.0,0.9609,0.9824,1.0,0.3662,0.676,valid,chain_incomplete
61,154.107,150.188,1.0,0.986,0.995,1.0,0.5934,0.8612,valid,valid
62,159.4973,147.5159,1.0,0.9901,0.9966,1.0,0.6521,0.8889,valid,valid
63,159.8886,148.9677,1.0,0.9858,0.9953,1.0,0.5651,0.8488,valid,valid
64,160.9641,145.2611,1.0,0.9884,0.9964,1.0,0.6364,0.8833,valid,valid
65,162.904,143.9026,1.0,0.9916,0.9968,1.0,0.6559,0.8844,valid,valid
66,162.5334,142.32,1.0,0.9917,0.9973,1.0,0.6977,0.907,valid,valid
67,162.8693,139.868,1.0,0.9932,0.9977,1.0,0.7188,0.9235,valid,valid
68,160.8264,137.3412,1.0,0.9938,0.9977,1.0,0.7253,0.9162,valid,valid
69,159.6051,134.4174,1.0,0.9932,0.9976,1.0,0.683,0.9059,valid,valid
70,156.8433,129.1581,1.0,0.9962,0.9987,1.0,0.7707,0.9427,valid,valid
71,148.8489,125.1315,1.0,0.989,0.9961,0.9999,0.6179,0.8538,valid,valid
72,154.8655,112.0412,1.0,0.9741,0.9916,1.0,0.5263,0.825,valid,valid
73,152.574,104.6488,1.0,0.9829,0.9942,1.0,0.6018,0.8613,valid,valid
74,151.6103,100.4489,1.0,0.9911,0.9979,1.0,0.7305,0.932,valid,valid
75,151.8107,100.0133,1.0,0.9937,0.9987,1.0,0.7636,0.9449,valid,valid
76,151.0601,99.906,1.0,0.977,0.994,1.0,0.5649,0.8532,valid,valid
77,152.5376,101.1821,1.0,0.9829,0.9953,1.0,0.672,0.9039,valid,valid
78,151.5302,104.0906,1.0,0.9755,0.9928,1.0,0.6121,0.856,valid,valid
79,115.976,,1.0,0.9686,0.9834,0.9999,0.2363,0.3425,valid,chain_incomplete
80,154.8521,122.8538,1.0,0.9879,0.9957,1.0,0.6936,0.9115,valid,valid
81,151.9822,130.6353,1.0,0.9925,0.9971,1.0,0.7906,0.9327,valid,valid
82,149.5031,141.2958,1.0,0.9833,0.9901,1.0,0.6557,0.8509,valid,valid
83,149.0404,149.6954,1.0,0.9871,0.994,1.0,0.6444,0.9046,valid,valid
84,148.2837,154.4954,1.0,0.9904,0.9952,1.0,0.7055,0.9323,valid,valid
85,150.9731,153.3038,1.0,0.9952,0.9975,1.0,0.807,0.9595,valid,valid
86,147.6145,158.2885,1.0,0.9949,0.9969,1.0,0.7431,0.9445,valid,valid
87,148.8632,158.2857,1.0,0.9931,0.9957,1.0,0.6805,0.9221,valid,valid
88,149.6861,159.7091,1.0,0.9954,0.997,1.0,0.735,0.9408,valid,valid
89,149.2414,159.3348,1.0,0.9982,0.9991,1.0,0.8452,0.9711,valid,valid
90,146.8121,159.4775,1.0,0.993,0.9954,1.0,0.6619,0.9131,valid,valid
91,145.5873,158.8014,1.0,0.992,0.9954,1.0,0.6192,0.8985,valid,valid
92,145.2141,157.117,1.0,0.9927,0.9966,1.0,0.5687,0.8892,valid,valid
93,146.0311,152.2102,1.0,0.9978,0.9992,1.0,0.7866,0.9581,valid,valid
94,150.6405,,1.0,0.9878,0.9949,1.0,0.4949,0.8501,valid,chain_incomplete
95,154.1117,154.3456,1.0,0.9929,0.9972,1.0,0.5641,0.8895,valid,valid
96,154.9498,158.3731,1.0,0.9882,0.9946,1.0,0.5717,0.8884,valid,valid
97,157.1964,158.5147,1.0,0.9904,0.9962,1.0,0.577,0.8927,valid,valid
98,159.8685,159.7266,1.0,0.9926,0.9969,1.0,0.6803,0.9289,valid,valid
99,159.103,159.7638,1.0,0.992,0.9964,1.0,0.6118,0.8969,valid,valid
100,159.4242,162.4294,1.0,0.993,0.9965,1.0,0.7214,0.9335,valid,valid
101,160.2005,161.6851,1.0,0.9908,0.9952,1.0,0.6321,0.9062,valid,valid
102,156.0419,162.3348,1.0,0.9881,0.9941,1.0,0.6556,0.909,valid,valid
103,154.2868,162.7202,1.0,0.9912,0.995,1.0,0.7206,0.9272,valid,valid
104,152.5424,165.7049,1.0,0.991,0.9932,1.0,0.7206,0.9166,valid,valid
105,155.2855,169.7211,1.0,0.991,0.9938,1.0,0.7617,0.9284,valid,valid
106,155.064,169.3978,1.0,0.9937,0.9955,1.0,0.8065,0.9408,valid,valid
107,156.4366,169.9177,1.0,0.9928,0.9943,1.0,0.7823,0.9369,valid,valid
108,157.9304,166.7819,1.0,0.994,0.9958,1.0,0.8067,0.9476,valid,valid
109,152.877,166.8933,1.0,0.9915,0.9954,1.0,0.787,0.9409,valid,valid
110,150.868,164.3196,1.0,0.9847,0.9918,1.0,0.6976,0.9133,valid,valid
111,148.0829,165.8228,1.0,0.9861,0.9925,1.0,0.7379,0.9236,valid,valid
112,146.4759,166.4431,1.0,0.9862,0.9915,1.0,0.7158,0.91,valid,valid
113,149.0921,169.6654,1.0,0.9886,0.9923,1.0,0.7558,0.9224,valid,valid
114,148.0783,168.7248,1.0,0.9888,0.993,1.0,0.8119,0.9423,valid,valid
115,147.6215,169.1156,1.0,0.9893,0.9919,1.0,0.758,0.9216,valid,valid
116,146.6907,171.8035,1.0,0.9864,0.991,1.0,0.7573,0.9322,valid,valid
117,146.7781,172.7474,1.0,0.9897,0.9923,1.0,0.7548,0.9287,valid,valid
118,150.1304,172.0084,1.0,0.9883,0.9913,1.0,0.7027,0.9085,valid,valid
119,151.0198,171.1603,1.0,0.9944,0.9954,1.0,0.8568,0.9656,valid,valid
120,155.9146,170.8985,1.0,0.994,0.9959,1.0,0.804,0.9486,valid,valid
121,158.8165,168.4965,1.0,0.9944,0.9962,1.0,0.8094,0.9473,valid,valid
122,158.1957,166.4772,1.0,0.9881,0.9938,1.0,0.7379,0.9278,valid,valid
123,158.7587,167.9921,1.0,0.995,0.9971,1.0,0.8327,0.9623,valid,valid
124,157.184,166.6549,1.0,0.9872,0.9929,1.0,0.7453,0.9314,valid,valid
125,157.2128,165.3458,1.0,0.9897,0.9951,1.0,0.7186,0.9333,valid,valid
126,155.7358,164.4751,1.0,0.9849,0.994,1.0,0.7724,0.9538,valid,valid
127,154.7215,167.3313,1.0,0.9797,0.9915,1.0,0.742,0.9408,valid,valid
128,155.057,169.4118,1.0,0.987,0.9935,1.0,0.7857,0.9502,valid,valid
129,153.721,169.0823,1.0,0.9837,0.9918,1.0,0.7925,0.9522,valid,valid
130,150.7019,170.1817,1.0,0.9679,0.9859,1.0,0.6463,0.9037,valid,valid
131,152.6069,172.2458,1.0,0.9611,0.9839,1.0,0.6056,0.8911,valid,valid
132,151.2846,172.3768,1.0,0.9492,0.982,1.0,0.5374,0.8495,valid,valid
133,148.7267,172.8719,1.0,0.944,0.9769,1.0,0.5932,0.871,valid,valid
134,148.7333,172.9892,1.0,0.9599,0.9893,1.0,0.6943,0.9224,valid,valid
135,148.3114,166.7922,1.0,0.9529,0.9884,1.0,0.6658,0.9118,valid,valid
136,151.0891,166.7557,1.0,0.9487,0.9872,1.0,0.6161,0.8763,valid,valid
137,149.1825,164.3433,1.0,0.9425,0.9877,1.0,0.6239,0.9014,valid,valid
138,144.8548,167.7818,1.0,0.9554,0.9905,1.0,0.6496,0.9154,valid,valid
139,140.4521,164.7671,1.0,0.9695,0.9929,1.0,0.7231,0.9288,valid,valid
140,136.959,166.6786,1.0,0.9705,0.9926,1.0,0.7676,0.9422,valid,valid
141,135.9457,167.2903,1.0,0.9731,0.9929,1.0,0.8185,0.9616,valid,valid
142,137.9802,169.506,1.0,0.9773,0.9923,1.0,0.8375,0.9633,valid,valid
143,138.793,168.0535,1.0,0.9795,0.9914,1.0,0.8663,0.9685,valid,valid
144,141.1323,169.4191,1.0,0.9799,0.9918,1.0,0.857,0.968,valid,valid
145,142.0016,170.4102,1.0,0.9814,0.9916,1.0,0.8746,0.9724,valid,valid
146,142.5092,169.6,1.0,0.9852,0.9922,1.0,0.8736,0.9726,valid,valid
147,141.9373,168.9212,1.0,0.9882,0.9932,1.0,0.9031,0.9784,valid,valid
148,142.6759,168.318,1.0,0.9883,0.9927,1.0,0.8953,0.9747,valid,valid
149,142.8301,167.4284,1.0,0.9897,0.9934,1.0,0.8869,0.9747,valid,valid
150,143.5428,170.0798,1.0,0.9912,0.9931,1.0,0.8829,0.974,valid,valid
151,142.8092,168.2958,1.0,0.9868,0.9869,1.0,0.8664,0.9701,valid,valid
152,141.9249,166.7724,1.0,0.9896,0.9901,1.0,0.9022,0.9809,valid,valid
153,144.5024,164.8796,1.0,0.9908,0.9928,1.0,0.8994,0.9787,valid,valid
154,142.5094,166.0036,1.0,0.9861,0.9876,1.0,0.8748,0.9737,valid,valid
155,140.3814,165.3275,1.0,0.9909,0.9913,1.0,0.9074,0.9825,valid,valid
156,140.449,163.2876,1.0,0.9867,0.989,1.0,0.8705,0.9744,valid,valid
157,138.6457,161.2985,1.0,0.9873,0.9917,1.0,0.868,0.973,valid,valid
158,138.1769,158.8818,1.0,0.9867,0.992,1.0,0.8802,0.9788,valid,valid
159,137.9042,157.6394,1.0,0.9853,0.9927,1.0,0.877,0.9777,valid,valid
160,139.7857,155.4001,1.0,0.986,0.9917,1.0,0.8655,0.9753,valid,valid
161,139.3789,152.8174,1.0,0.9818,0.9904,1.0,0.7928,0.9588,valid,valid
162,140.1922,150.9815,1.0,0.9829,0.9916,1.0,0.8393,0.9696,valid,valid
163,136.982,147.2805,1.0,0.9808,0.993,1.0,0.8291,0.9721,valid,valid
164,137.2818,144.9382,1.0,0.9827,0.9944,1.0,0.8556,0.9762,valid,valid
165,136.8962,143.3534,1.0,0.9855,0.9946,1.0,0.8336,0.9735,valid,valid
166,137.4877,141.4003,1.0,0.9894,0.9962,1.0,0.8905,0.9843,valid,valid
167,136.579,137.1848,1.0,0.9855,0.9957,1.0,0.859,0.9792,valid,valid
168,137.1106,133.3986,1.0,0.9847,0.995,1.0,0.8441,0.9762,valid,valid
169,135.8023,132.5317,1.0,0.9822,0.9936,1.0,0.8074,0.9656,valid,valid
170,134.0829,130.2564,1.0,0.9924,0.9968,1.0,0.9296,0.9886,valid,valid
171,131.3385,126.5033,1.0,0.9929,0.9967,1.0,0.9322,0.9888,valid,valid
172,131.3042,124.5085,1.0,0.9882,0.9948,1.0,0.9074,0.9853,valid,valid
173,131.1805,121.2842,1.0,0.9933,0.9965,1.0,0.9453,0.9905,valid,valid
174,129.1042,121.9195,1.0,0.9931,0.9973,1.0,0.9746,0.9951,valid,valid
175,131.1171,117.4441,1.0,0.9858,0.9944,1.0,0.9507,0.9874,valid,valid
176,127.6422,118.2153,1.0,0.9945,0.9979,1.0,0.9797,0.9954,valid,valid
177,126.9745,114.2827,1.0,0.9899,0.9967,1.0,0.9671,0.9923,valid,valid
178,125.1375,110.7785,1.0,0.9939,0.9978,1.0,0.9827,0.9959,valid,valid
179,123.8074,112.5755,1.0,0.9903,0.9968,1.0,0.9751,0.9932,valid,valid
180,123.5034,108.9965,1.0,0.9935,0.9979,1.0,0.9863,0.9968,valid,valid
181,121.9004,109.1045,1.0,0.9948,0.9983,1.0,0.9859,0.997,valid,valid
182,120.8846,105.3473,1.0,0.9943,0.9985,1.0,0.9872,0.9974,valid,valid
183,118.4719,107.519,1.0,0.9974,0.9991,1.0,0.9962,0.9991,valid,valid
184,116.405,104.4461,1.0,0.9965,0.9988,1.0,0.9937,0.9987,valid,valid
185,113.9369,103.8861,1.0,0.995,0.9986,1.0,0.9901,0.998,valid,valid
186,113.946,104.8634,1.0,0.9974,0.999,1.0,0.9929,0.9983,valid,valid
187,114.2567,104.7127,1.0,0.9914,0.9977,1.0,0.983,0.9958,valid,valid
188,113.1289,103.669,1.0,0.9935,0.9981,1.0,0.9781,0.9954,valid,valid
189,112.7264,105.3578,1.0,0.9957,0.9986,1.0,0.99,0.9974,valid,valid
190,113.0172,100.8742,1.0,0.9939,0.9984,1.0,0.9867,0.9966,valid,valid
191,113.2461,101.695,1.0,0.993,0.9977,1.0,0.9905,0.9969,valid,valid
192,114.4772,101.6781,1.0,0.9937,0.9978,1.0,0.989,0.9966,valid,valid
193,113.4467,101.309,1.0,0.9922,0.9981,1.0,0.9855,0.9957,valid,valid
194,114.8883,101.7825,1.0,0.9884,0.9975,1.0,0.9796,0.9944,valid,valid
195,114.5338,100.4216,1.0,0.9887,0.9975,1.0,0.9854,0.996,valid,valid
196,114.1485,101.2448,1.0,0.9899,0.9975,1.0,0.9874,0.9964,valid,valid
197,114.8048,102.8883,1.0,0.9911,0.9975,1.0,0.9858,0.9953,valid,valid
198,114.2847,102.1403,1.0,0.9922,0.9976,1.0,0.991,0.9969,valid,valid
199,114.7705,99.2349,1.0,0.9944,0.9985,1.0,0.9905,0.9978,valid,valid
200,115.7334,100.238,1.0,0.9953,0.9986,1.0,0.9929,0.9982,valid,valid
201,113.8519,102.4697,1.0,0.9969,0.999,1.0,0.9951,0.9988,valid,valid
202,114.748,100.1195,1.0,0.9962,0.9987,1.0,0.9954,0.9985,valid,valid
203,114.8704,99.7543,1.0,0.9927,0.9976,1.0,0.9912,0.9974,valid,valid
204,97.322,121.3346,1.0,0.9933,0.9851,1.0,0.8684,0.8972,valid,valid
205,127.6154,105.2228,1.0,0.9675,0.9895,1.0,0.8885,0.944,valid,valid
206,118.0088,101.2416,1.0,0.9847,0.9954,1.0,0.9653,0.992,valid,valid
207,118.7902,101.7163,1.0,0.9916,0.9968,1.0,0.9734,0.9943,valid,valid
208,119.9341,103.4978,1.0,0.9929,0.9973,1.0,0.978,0.9964,valid,valid
209,122.6357,106.7542,1.0,0.991,0.9969,1.0,0.9542,0.9918,valid,valid
210,123.1228,110.0807,1.0,0.9943,0.9979,1.0,0.9643,0.9936,valid,valid
211,125.6581,112.0377,1.0,0.9878,0.9961,1.0,0.9205,0.985,valid,valid
212,124.5145,116.0593,1.0,0.9915,0.9965,1.0,0.9289,0.9872,valid,valid
213,125.0733,119.5746,1.0,0.9874,0.9952,1.0,0.9094,0.9864,valid,valid
214,124.0943,122.2097,1.0,0.9897,0.9956,1.0,0.9396,0.9903,valid,valid
215,124.7757,126.4919,1.0,0.9885,0.9949,1.0,0.9002,0.9844,valid,valid
216,126.832,127.1037,1.0,0.9791,0.9935,1.0,0.8455,0.979,valid,valid
217,129.0733,133.7475,1.0,0.9843,0.9932,1.0,0.8764,0.9766,valid,valid
218,130.6488,138.5581,1.0,0.9775,0.9903,1.0,0.8174,0.9633,valid,valid
219,131.1759,142.8074,1.0,0.9898,0.9958,1.0,0.9133,0.986,valid,valid
220,129.7481,147.9376,1.0,0.9816,0.9927,1.0,0.8508,0.9755,valid,valid
221,129.7187,153.3971,1.0,0.9907,0.9959,1.0,0.9203,0.9877,valid,valid
222,130.0635,154.5107,1.0,0.9853,0.9942,1.0,0.877,0.9792,valid,valid
223,129.3295,158.8816,1.0,0.9892,0.9949,1.0,0.8885,0.9816,valid,valid
224,130.8389,162.3035,1.0,0.9891,0.9951,1.0,0.8959,0.9826,valid,valid
225,131.9251,165.9319,1.0,0.9858,0.9945,1.0,0.8767,0.9801,valid,valid
226,130.454,166.6704,1.0,0.9922,0.9958,1.0,0.9127,0.9865,valid,valid
227,131.5106,168.9309,1.0,0.9922,0.9954,1.0,0.8998,0.9836,valid,valid
228,131.1026,171.0229,1.0,0.9922,0.9959,1.0,0.8935,0.9832,valid,valid
229,131.2381,172.5763,1.0,0.9892,0.994,1.0,0.8558,0.9742,valid,valid
230,131.9429,174.4108,1.0,0.9866,0.9934,1.0,0.8439,0.9703,valid,valid
231,133.693,175.9464,1.0,0.9879,0.994,1.0,0.8691,0.9746,valid,valid
232,135.1172,177.6613,1.0,0.9874,0.9932,1.0,0.8764,0.9761,valid,valid
233,135.2574,179.2319,1.0,0.991,0.9955,1.0,0.8932,0.9795,valid,valid
234,136.2613,178.7093,1.0,0.9904,0.9946,1.0,0.8872,0.9756,valid,valid
235,134.7684,177.0506,1.0,0.9887,0.9932,1.0,0.8483,0.9638,valid,valid
236,134.309,176.1517,1.0,0.9948,0.9955,1.0,0.9046,0.9787,valid,valid
237,135.4621,176.9975,1.0,0.9926,0.9949,1.0,0.9071,0.9798,valid,valid
238,134.0661,176.6113,1.0,0.9941,0.9957,1.0,0.9132,0.9812,valid,valid
239,135.2835,177.2778,1.0,0.9902,0.9931,1.0,0.8819,0.9706,valid,valid
240,135.5001,176.5953,1.0,0.9894,0.9931,1.0,0.867,0.9676,valid,valid
241,135.522,176.1255,1.0,0.9925,0.9951,1.0,0.9024,0.977,valid,valid
242,135.6627,175.1846,1.0,0.9926,0.9947,1.0,0.9099,0.9785,valid,valid
243,135.2605,176.3429,1.0,0.9868,0.9921,1.0,0.8416,0.9623,valid,valid
244,135.7478,176.5115,1.0,0.9875,0.9926,1.0,0.8499,0.9639,valid,valid
245,135.9051,176.8423,1.0,0.9909,0.9941,1.0,0.8839,0.9725,valid,valid
246,134.8053,176.63,1.0,0.9916,0.994,1.0,0.8919,0.976,valid,valid
247,133.8641,176.7834,1.0,0.9905,0.9935,1.0,0.876,0.9735,valid,valid
248,133.9698,177.5025,1.0,0.9936,0.9958,1.0,0.9138,0.9821,valid,valid
249,134.4714,179.3765,1.0,0.9929,0.9959,1.0,0.9166,0.9821,valid,valid
250,135.2296,179.4152,1.0,0.9918,0.9943,1.0,0.8694,0.9688,valid,valid
251,134.8817,178.3519,1.0,0.9917,0.9946,1.0,0.8631,0.9674,valid,valid
252,133.4497,178.3155,1.0,0.9917,0.9945,1.0,0.8593,0.9665,valid,valid
253,132.3385,176.9358,1.0,0.9906,0.994,1.0,0.8579,0.9692,valid,valid
254,131.8932,174.3144,1.0,0.9917,0.9953,1.0,0.8767,0.9751,valid,valid
255,128.968,171.421,1.0,0.9883,0.9941,1.0,0.8605,0.9734,valid,valid
256,130.3059,168.8055,1.0,0.9895,0.994,1.0,0.8824,0.9787,valid,valid
257,130.0346,164.8683,1.0,0.9941,0.9962,1.0,0.9313,0.9878,valid,valid
258,131.9758,160.641,1.0,0.9903,0.9949,1.0,0.8883,0.9795,valid,valid
259,130.4815,157.6835,1.0,0.9913,0.9957,1.0,0.8883,0.9783,valid,valid
260,128.7407,154.1041,1.0,0.9895,0.9951,1.0,0.8718,0.974,valid,valid
261,128.6571,149.531,1.0,0.9905,0.9965,1.0,0.8751,0.9773,valid,valid
262,128.7206,145.777,1.0,0.9863,0.9952,1.0,0.8417,0.9732,valid,valid
263,131.3036,137.3635,1.0,0.9886,0.9962,1.0,0.8526,0.977,valid,valid
264,131.5457,135.3294,1.0,0.9838,0.9955,1.0,0.857,0.9789,valid,valid
265,129.4442,129.4562,1.0,0.9839,0.9962,1.0,0.8284,0.9751,valid,valid
266,128.4412,127.4728,1.0,0.9789,0.9938,1.0,0.8318,0.975,valid,valid
267,126.6673,125.6654,1.0,0.9884,0.9962,1.0,0.9193,0.988,valid,valid
268,126.2786,123.3223,1.0,0.9841,0.9952,1.0,0.8721,0.9809,valid,valid
269,124.1545,121.6274,1.0,0.9956,0.9977,1.0,0.9641,0.9946,valid,valid
270,121.8072,121.2627,1.0,0.9909,0.9959,1.0,0.9483,0.9904,valid,valid
271,122.557,120.8837,1.0,0.9933,0.9969,1.0,0.9618,0.9943,valid,valid
272,120.0952,120.76,1.0,0.9947,0.9974,1.0,0.9776,0.996,valid,valid
273,118.9611,119.9926,1.0,0.9961,0.9979,1.0,0.9868,0.9978,valid,valid
274,119.366,117.5764,1.0,0.9951,0.9968,1.0,0.9888,0.9979,valid,valid
275,118.2724,116.985,1.0,0.9963,0.9979,1.0,0.9892,0.9984,valid,valid
276,118.2052,116.2987,1.0,0.996,0.9976,1.0,0.9886,0.9979,valid,valid
277,117.1052,116.3714,1.0,0.9924,0.9966,1.0,0.9819,0.9972,valid,valid
278,115.3927,116.4805,1.0,0.9956,0.998,1.0,0.9887,0.9984,valid,valid
279,115.1536,113.9561,1.0,0.9956,0.9981,1.0,0.9897,0.9984,valid,valid
280,113.9308,113.963,1.0,0.9966,0.9986,1.0,0.9927,0.9988,valid,valid
281,113.5923,113.4366,1.0,0.9959,0.9983,1.0,0.9867,0.9977,valid,valid
282,112.7699,116.8143,1.0,0.997,0.9987,1.0,0.988,0.9979,valid,valid
283,110.4881,112.4742,1.0,0.9921,0.997,1.0,0.9862,0.9976,valid,valid
284,111.6614,112.1371,1.0,0.9964,0.9983,1.0,0.9905,0.998,valid,valid
285,110.261,109.237,1.0,0.9963,0.9984,1.0,0.9928,0.9986,valid,valid
286,111.5509,109.6544,1.0,0.9972,0.9987,1.0,0.9932,0.9987,valid,valid
287,110.9312,106.0695,1.0,0.9977,0.9989,1.0,0.9937,0.9987,valid,valid
288,110.9284,103.7268,1.0,0.9977,0.9989,1.0,0.995,0.999,valid,valid
289,108.9712,102.6959,1.0,0.9975,0.999,1.0,0.9944,0.9989,valid,valid
290,110.2636,104.1012,1.0,0.9964,0.9984,1.0,0.9899,0.9976,valid,valid
291,107.5316,102.3237,1.0,0.9977,0.9988,1.0,0.9952,0.9988,valid,valid
292,107.8264,101.1855,1.0,0.9969,0.9986,1.0,0.9927,0.9986,valid,valid
293,106.762,100.7865,1.0,0.998,0.999,1.0,0.9945,0.9987,valid,valid
294,104.9607,101.7327,1.0,0.9979,0.999,1.0,0.996,0.999,valid,valid
295,104.4492,99.0713,1.0,0.9976,0.9988,1.0,0.993,0.9984,valid,valid
296,103.2584,101.8148,1.0,0.9963,0.9986,1.0,0.9881,0.9971,valid,valid
297,102.9317,100.1449,1.0,0.9971,0.9989,1.0,0.9921,0.9981,valid,valid
298,102.4818,103.4888,1.0,0.9969,0.9988,1.0,0.9869,0.9967,valid,valid
299,104.0522,102.1448,1.0,0.997,0.9989,1.0,0.9909,0.9979,valid,valid
300,104.3666,100.9814,1.0,0.9973,0.9989,1.0,0.9905,0.9979,valid,valid
301,104.8189,99.9528,1.0,0.9973,0.9991,1.0,0.9943,0.9984,valid,valid
302,104.6334,101.4444,1.0,0.9973,0.999,1.0,0.9897,0.9977,valid,valid
303,104.103,100.8006,1.0,0.9966,0.9986,1.0,0.9843,0.9966,valid,valid
304,103.0849,100.0068,1.0,0.9969,0.9988,1.0,0.9897,0.9977,valid,valid
305,102.6221,101.8966,1.0,0.9975,0.9989,1.0,0.9876,0.9975,valid,valid
306,102.5109,99.8551,1.0,0.9982,0.9992,1.0,0.9946,0.999,valid,valid
307,102.1388,100.3405,1.0,0.998,0.9991,1.0,0.9924,0.9984,valid,valid
308,101.5388,100.2264,1.0,0.9977,0.9989,1.0,0.9901,0.998,valid,valid
309,102.1019,97.1691,1.0,0.9976,0.999,1.0,0.9918,0.998,valid,valid
310,100.437,98.7832,1.0,0.9979,0.999,1.0,0.992,0.9983,valid,valid
311,101.433,97.4762,1.0,0.9968,0.9987,1.0,0.9893,0.9976,valid,valid
312,100.5781,98.6653,1.0,0.9974,0.999,1.0,0.9906,0.998,valid,valid
313,101.4842,97.9431,1.0,0.9972,0.9989,1.0,0.9923,0.9982,valid,valid
314,101.5242,97.5215,1.0,0.9978,0.9991,1.0,0.9917,0.998,valid,valid
315,102.0549,95.9702,1.0,0.9978,0.9991,1.0,0.9929,0.9983,valid,valid
316,101.2526,94.445,1.0,0.9972,0.9989,1.0,0.9918,0.9979,valid,valid
317,100.5338,94.8709,1.0,0.997,0.9988,1.0,0.9916,0.9979,valid,valid
318,100.4815,94.6786,1.0,0.997,0.9985,1.0,0.9919,0.9978,valid,valid
319,102.4595,93.3495,1.0,0.9972,0.9988,1.0,0.9924,0.9982,valid,valid
320,102.3706,93.4277,1.0,0.995,0.998,1.0,0.9922,0.9987,valid,valid
321,102.2429,94.2931,1.0,0.9967,0.9985,1.0,0.9917,0.9982,valid,valid
322,103.5846,95.5966,1.0,0.9969,0.9985,1.0,0.9913,0.998,valid,valid
323,104.8414,99.5689,1.0,0.9956,0.9978,1.0,0.9881,0.9977,valid,valid
324,107.1483,100.5897,1.0,0.988,0.9911,1.0,0.9745,0.9887,valid,valid
325,109.4059,98.144,1.0,0.9908,0.9963,1.0,0.9749,0.9949,valid,valid
326,107.9823,102.5019,1.0,0.9956,0.9973,1.0,0.9812,0.9955,valid,valid
327,113.6582,106.7762,1.0,0.993,0.9964,1.0,0.9731,0.9942,valid,valid
328,116.6679,107.3245,1.0,0.9925,0.9973,1.0,0.9767,0.9955,valid,valid
329,115.591,108.2685,1.0,0.9918,0.9966,1.0,0.9723,0.9952,valid,valid
330,114.7543,111.2819,1.0,0.9826,0.9945,1.0,0.9479,0.9927,valid,valid
331,119.7369,114.074,1.0,0.9819,0.9944,1.0,0.9298,0.9885,valid,valid
332,117.1523,117.6363,1.0,0.9878,0.9938,1.0,0.9529,0.9916,valid,valid
333,118.1959,121.0286,1.0,0.9843,0.9906,1.0,0.9269,0.9857,valid,valid
334,122.3802,124.8729,1.0,0.9917,0.9947,1.0,0.9481,0.9898,valid,valid
335,123.6473,129.1214,1.0,0.9859,0.9905,1.0,0.9239,0.9845,valid,valid
336,127.5419,135.6715,1.0,0.9852,0.9922,1.0,0.8954,0.9804,valid,valid
337,127.7465,142.6391,1.0,0.9617,0.9844,1.0,0.8261,0.9666,valid,valid
338,129.533,148.1551,1.0,0.9774,0.9898,1.0,0.8475,0.967,valid,valid
339,128.6654,154.782,1.0,0.9841,0.9928,1.0,0.9017,0.9795,valid,valid
340,129.411,159.0449,1.0,0.9766,0.9906,1.0,0.8615,0.9678,valid,valid
341,131.1829,161.1366,1.0,0.9821,0.9934,1.0,0.8997,0.977,valid,valid
342,130.6473,164.31,1.0,0.9777,0.9917,1.0,0.8821,0.9719,valid,valid
343,133.471,165.4878,1.0,0.9798,0.9933,1.0,0.8781,0.9689,valid,valid
344,134.0276,167.974,1.0,0.9869,0.9939,1.0,0.9013,0.9729,valid,valid
345,136.3257,171.7792,1.0,0.9803,0.9939,1.0,0.8373,0.9427,valid,valid
346,137.0147,174.4796,1.0,0.9789,0.9935,1.0,0.7787,0.9218,valid,valid
347,137.6972,174.916,1.0,0.979,0.9933,1.0,0.7624,0.9052,valid,valid
348,140.6761,175.9189,1.0,0.9736,0.9897,1.0,0.6983,0.8775,valid,valid
349,141.1941,176.047,1.0,0.989,0.9936,1.0,0.7689,0.9337,valid,valid
350,143.1142,175.3821,1.0,0.9798,0.9925,1.0,0.7319,0.8921,valid,valid
351,141.3249,176.1174,1.0,0.9699,0.9903,1.0,0.6569,0.853,valid,valid
352,140.3759,176.9252,1.0,0.9815,0.9934,1.0,0.7691,0.913,valid,valid
353,140.1151,174.217,1.0,0.9732,0.992,1.0,0.7458,0.9092,valid,valid
354,135.1599,171.4019,1.0,0.9809,0.9933,1.0,0.8594,0.9651,valid,valid
355,132.9633,168.3671,1.0,0.9906,0.9959,1.0,0.9505,0.99,valid,valid
356,133.6334,164.8245,1.0,0.9842,0.9934,1.0,0.8969,0.977,valid,valid
357,133.3045,162.7705,1.0,0.9849,0.994,1.0,0.9076,0.9802,valid,valid
358,134.304,158.0067,1.0,0.9867,0.9924,1.0,0.9026,0.9777,valid,valid
359,132.7264,154.8795,1.0,0.9868,0.9906,1.0,0.9019,0.979,valid,valid
360,131.3404,149.0311,1.0,0.9919,0.994,1.0,0.9369,0.9886,valid,valid
361,131.0708,145.3669,1.0,0.9945,0.9952,1.0,0.9637,0.9935,valid,valid
362,131.7229,142.8904,1.0,0.9953,0.9963,1.0,0.9502,0.9926,valid,valid
363,131.2603,140.8803,1.0,0.9925,0.9949,1.0,0.9357,0.9893,valid,valid
364,130.2497,139.749,1.0,0.9917,0.9946,1.0,0.9166,0.9873,valid,valid
365,129.6092,136.5158,1.0,0.9879,0.9934,1.0,0.9077,0.9843,valid,valid
366,129.2416,134.1789,1.0,0.9838,0.9927,1.0,0.881,0.9783,valid,valid
367,125.5443,131.2353,1.0,0.9899,0.9954,1.0,0.9195,0.988,valid,valid
368,126.8838,128.9236,1.0,0.9936,0.9963,1.0,0.9355,0.9888,valid,valid
369,126.5355,124.0829,1.0,0.9922,0.9962,1.0,0.9294,0.9884,valid,valid
370,124.6292,122.8763,1.0,0.9912,0.9963,1.0,0.9413,0.9895,valid,valid
371,122.3545,118.8283,1.0,0.9913,0.9961,1.0,0.9533,0.9915,valid,valid
372,120.3154,115.6929,1.0,0.9895,0.9956,1.0,0.9509,0.9917,valid,valid
373,118.5088,114.5272,1.0,0.9927,0.9961,1.0,0.9617,0.9935,valid,valid
374,117.4389,110.5004,1.0,0.9897,0.9941,1.0,0.9437,0.9887,valid,valid
375,116.6037,110.0862,1.0,0.9914,0.9964,1.0,0.9666,0.9935,valid,valid
376,116.564,108.8743,1.0,0.9939,0.9978,1.0,0.9856,0.9971,valid,valid
377,114.6731,102.6843,1.0,0.9954,0.9982,1.0,0.9902,0.9981,valid,valid
378,113.4932,102.3322,1.0,0.9949,0.9981,1.0,0.9911,0.9983,valid,valid
379,110.9876,104.3059,1.0,0.997,0.9987,1.0,0.993,0.9984,valid,valid
380,109.4023,104.6978,1.0,0.998,0.9992,1.0,0.9945,0.9989,valid,valid
381,108.1131,104.4933,1.0,0.9982,0.9992,1.0,0.9938,0.999,valid,valid
382,109.8084,104.0957,1.0,0.998,0.9991,1.0,0.9933,0.999,valid,valid
383,110.0505,100.0148,1.0,0.9978,0.9991,1.0,0.9939,0.9989,valid,valid
384,106.0016,96.8944,1.0,0.9974,0.9984,1.0,0.9923,0.9981,valid,valid
385,107.8229,92.3619,1.0,0.9961,0.9981,1.0,0.9916,0.9979,valid,valid
386,108.8149,90.1933,1.0,0.995,0.9984,1.0,0.9923,0.998,valid,valid
387,107.4464,90.0555,1.0,0.9964,0.9978,1.0,0.9938,0.9976,valid,valid
388,106.7857,91.2845,1.0,0.9963,0.9982,1.0,0.9938,0.998,valid,valid
389,104.4514,88.7141,1.0,0.9973,0.9985,1.0,0.9949,0.9982,valid,valid
390,103.6181,91.9577,1.0,0.9971,0.9981,1.0,0.9941,0.9978,valid,valid
391,100.219,86.9357,1.0,0.997,0.9982,1.0,0.9942,0.9977,valid,valid
392,100.3716,87.2283,1.0,0.9978,0.9988,1.0,0.9964,0.9987,valid,valid
393,99.3768,87.5322,1.0,0.9976,0.9985,1.0,0.9966,0.9986,valid,valid
394,96.7055,88.6719,1.0,0.9952,0.9978,1.0,0.9892,0.9961,valid,valid
395,96.246,87.4723,1.0,0.9968,0.9984,1.0,0.9932,0.9977,valid,valid
396,95.921,88.0157,1.0,0.9958,0.9983,1.0,0.9915,0.9976,valid,valid
397,98.041,85.9194,1.0,0.998,0.9987,1.0,0.9961,0.9986,valid,valid
398,98.7605,83.0752,1.0,0.9893,0.9973,1.0,0.9857,0.9964,valid,valid
399,96.5833,86.989,1.0,0.9976,0.9983,1.0,0.9948,0.998,valid,valid
400,96.7191,86.7825,1.0,0.9979,0.9987,1.0,0.9957,0.9984,valid,valid
401,97.3644,86.3298,1.0,0.9973,0.9985,1.0,0.995,0.9982,valid,valid
402,96.6147,86.2892,1.0,0.9978,0.9986,1.0,0.9956,0.9984,valid,valid
403,95.694,87.2625,1.0,0.9977,0.9985,1.0,0.9952,0.9984,valid,valid
404,96.3313,87.7149,1.0,0.9962,0.9981,1.0,0.9926,0.9977,valid,valid
405,96.9464,86.1155,1.0,0.9974,0.9986,1.0,0.9952,0.9984,valid,valid
406,96.946,86.2008,1.0,0.9963,0.9979,1.0,0.9923,0.9972,valid,valid
407,96.0697,87.3827,1.0,0.9963,0.9981,1.0,0.9933,0.9976,valid,valid
408,95.7672,90.8914,1.0,0.9961,0.9979,1.0,0.9913,0.9967,valid,valid
409,96.7579,86.4997,1.0,0.9943,0.9977,1.0,0.9868,0.9957,valid,valid
410,98.559,86.3686,1.0,0.996,0.9983,1.0,0.993,0.9978,valid,valid
411,97.1577,88.4711,1.0,0.9976,0.9987,1.0,0.9949,0.9984,valid,valid
412,97.5118,88.8953,1.0,0.9972,0.9985,1.0,0.9934,0.9979,valid,valid
413,99.4943,88.2969,1.0,0.9978,0.9988,1.0,0.9967,0.9989,valid,valid
414,99.6677,87.327,1.0,0.9961,0.9985,1.0,0.9936,0.9983,valid,valid
415,99.657,90.1997,1.0,0.998,0.999,1.0,0.996,0.9989,valid,valid
416,100.1083,90.3595,1.0,0.9978,0.9989,1.0,0.9957,0.9987,valid,valid
417,100.9163,92.7992,1.0,0.998,0.9992,1.0,0.9965,0.9993,valid,valid
418,100.9311,93.0125,1.0,0.9991,0.9995,1.0,0.9977,0.9995,valid,valid
419,102.0123,102.6804,1.0,0.9986,0.9992,1.0,0.9952,0.9993,valid,valid
420,102.9969,99.5526,1.0,0.9981,0.9992,1.0,0.9951,0.9991,valid,valid
421,103.3504,105.4528,1.0,0.9984,0.9992,1.0,0.9956,0.9992,valid,valid
422,104.0625,102.0273,1.0,0.9987,0.9994,1.0,0.9956,0.9991,valid,valid
423,105.3678,104.8084,1.0,0.9983,0.9991,1.0,0.9937,0.9987,valid,valid
424,107.6241,107.2476,1.0,0.9982,0.999,1.0,0.9955,0.9989,valid,valid
425,110.0034,107.668,1.0,0.9961,0.9978,1.0,0.9887,0.9977,valid,valid
426,109.967,107.2357,1.0,0.9956,0.9978,1.0,0.9853,0.997,valid,valid
427,110.0602,116.6317,1.0,0.998,0.9989,1.0,0.9934,0.9986,valid,valid
428,110.885,115.0199,1.0,0.9984,0.9991,1.0,0.9913,0.9984,valid,valid
429,111.7755,119.0867,1.0,0.9983,0.9989,1.0,0.9885,0.9983,valid,valid
430,112.8526,118.2935,1.0,0.9982,0.9989,1.0,0.9902,0.9985,valid,valid
431,115.3328,116.818,1.0,0.9896,0.9953,1.0,0.9329,0.9909,valid,valid
432,115.4466,120.3035,1.0,0.9908,0.9956,1.0,0.9281,0.9906,valid,valid
433,116.2971,120.5999,1.0,0.9823,0.991,1.0,0.8619,0.9764,valid,valid
434,117.7925,125.9872,1.0,0.99,0.9943,1.0,0.9069,0.9855,valid,valid
435,118.0786,130.9746,1.0,0.9964,0.9974,1.0,0.954,0.9933,valid,valid
436,119.2414,134.4491,1.0,0.9944,0.9963,1.0,0.9263,0.9899,valid,valid
437,122.7623,141.6637,1.0,0.9974,0.9981,1.0,0.9601,0.9953,valid,valid
438,123.2816,144.0851,1.0,0.9935,0.9964,1.0,0.9185,0.9895,valid,valid
439,124.6117,149.8893,1.0,0.9964,0.9972,1.0,0.922,0.9878,valid,valid
440,128.7367,157.1031,1.0,0.9905,0.9931,1.0,0.8584,0.9715,valid,valid
441,131.5955,160.1585,1.0,0.9876,0.9932,1.0,0.8159,0.962,valid,valid
442,131.7172,165.0446,1.0,0.9915,0.9946,1.0,0.8681,0.9732,valid,valid
443,133.1727,166.584,1.0,0.9838,0.9895,1.0,0.7428,0.9358,valid,valid
444,132.8774,172.0277,1.0,0.9891,0.9917,1.0,0.8447,0.9689,valid,valid
445,131.077,173.025,1.0,0.9933,0.9941,1.0,0.899,0.9805,valid,valid
446,135.0431,175.338,1.0,0.9914,0.9945,1.0,0.8666,0.9759,valid,valid
447,135.3237,176.7668,1.0,0.9919,0.9936,1.0,0.8939,0.9782,valid,valid
448,136.3385,178.7545,1.0,0.9903,0.9909,1.0,0.8751,0.9727,valid,valid
449,134.8588,179.0689,1.0,0.9901,0.9907,1.0,0.9005,0.9783,valid,valid
450,133.9393,174.2034,1.0,0.9931,0.9927,1.0,0.9128,0.98,valid,valid
451,134.0347,174.7852,1.0,0.996,0.9954,1.0,0.9467,0.9888,valid,valid
452,132.6756,176.3296,1.0,0.9929,0.9926,1.0,0.9346,0.9858,valid,valid
453,133.9071,173.6703,1.0,0.9913,0.9902,1.0,0.9158,0.9807,valid,valid
454,133.1552,174.7419,1.0,0.9942,0.9944,1.0,0.9552,0.9902,valid,valid
455,132.5201,174.0717,1.0,0.9871,0.9898,1.0,0.8909,0.975,valid,valid
456,133.5112,175.6506,1.0,0.9946,0.9955,1.0,0.9435,0.9881,valid,valid
457,133.8606,175.152,1.0,0.9951,0.9959,1.0,0.95,0.9891,valid,valid
458,133.3808,174.6572,1.0,0.992,0.9941,1.0,0.9276,0.9854,valid,valid
459,134.0987,175.0724,1.0,0.995,0.9961,1.0,0.948,0.9882,valid,valid
460,134.8918,175.2825,1.0,0.993,0.9946,1.0,0.9347,0.9854,valid,valid
461,134.767,174.8328,1.0,0.9902,0.9919,1.0,0.9206,0.9832,valid,valid
462,134.3748,176.5438,1.0,0.9944,0.9944,1.0,0.9421,0.9874,valid,valid
463,133.9947,178.1736,1.0,0.9918,0.993,1.0,0.9384,0.987,valid,valid
464,135.3994,179.1949,1.0,0.9927,0.9932,1.0,0.9269,0.9854,valid,valid
465,137.042,179.166,1.0,0.9914,0.9918,1.0,0.9152,0.9824,valid,valid
466,136.2467,176.143,1.0,0.9935,0.9944,1.0,0.9381,0.9881,valid,valid
467,136.7371,171.7209,1.0,0.9949,0.9954,1.0,0.9433,0.9896,valid,valid
468,135.4756,164.981,1.0,0.995,0.9959,1.0,0.9224,0.9856,valid,valid
469,132.5814,163.0283,1.0,0.994,0.9958,1.0,0.937,0.9887,valid,valid
470,131.9464,157.856,1.0,0.9913,0.9948,1.0,0.9066,0.9828,valid,valid
471,130.3739,154.0824,1.0,0.9857,0.9928,1.0,0.899,0.9821,valid,valid
472,130.4419,145.2044,1.0,0.9911,0.9944,1.0,0.9106,0.9848,valid,valid
473,132.3114,142.3299,1.0,0.989,0.9952,1.0,0.8798,0.9789,valid,valid
474,131.0047,137.1375,1.0,0.9839,0.9928,1.0,0.881,0.9762,valid,valid
475,131.6355,135.0796,1.0,0.9758,0.9906,1.0,0.8217,0.9627,valid,valid
476,131.4723,131.0308,1.0,0.9846,0.9933,1.0,0.8863,0.9805,valid,valid
477,129.8644,126.1844,1.0,0.9871,0.9949,1.0,0.8942,0.9846,valid,valid
478,127.9038,123.8831,1.0,0.9905,0.9962,1.0,0.9474,0.9923,valid,valid
479,125.2328,121.969,1.0,0.9932,0.9964,1.0,0.9548,0.993,valid,valid
480,126.6534,123.5594,1.0,0.9941,0.9974,1.0,0.9707,0.9951,valid,valid
481,125.2382,122.9182,1.0,0.9956,0.9982,1.0,0.9799,0.9967,valid,valid
482,121.1632,121.4709,1.0,0.9977,0.9988,1.0,0.9879,0.9981,valid,valid
483,119.8027,119.0254,1.0,0.9984,0.9992,1.0,0.9942,0.999,valid,valid
484,117.8399,121.1997,1.0,0.9985,0.9994,1.0,0.9954,0.9992,valid,valid
485,116.7568,117.8159,1.0,0.9981,0.9993,1.0,0.9943,0.9991,valid,valid
486,114.9701,115.8438,1.0,0.9985,0.9994,1.0,0.9958,0.9993,valid,valid
487,112.4956,114.3555,1.0,0.9981,0.9992,1.0,0.9946,0.9991,valid,valid
488,112.0775,111.8122,1.0,0.998,0.9993,1.0,0.9928,0.9988,valid,valid
489,112.1346,108.7488,1.0,0.9971,0.9989,1.0,0.9902,0.9984,valid,valid
490,110.3799,106.1695,1.0,0.9975,0.999,1.0,0.9905,0.9984,valid,valid
491,110.1737,107.9129,1.0,0.9975,0.999,1.0,0.9918,0.9986,valid,valid
492,108.704,106.7571,1.0,0.9976,0.999,1.0,0.9936,0.9988,valid,valid
493,106.3949,105.5374,1.0,0.9962,0.9985,1.0,0.9855,0.9968,valid,valid
494,105.9643,102.7543,1.0,0.9958,0.9984,1.0,0.9873,0.9972,valid,valid
495,104.3641,103.9751,1.0,0.997,0.9985,1.0,0.9912,0.998,valid,valid
496,103.7184,99.2477,1.0,0.9945,0.9978,1.0,0.9864,0.9967,valid,valid
497,101.5911,97.4948,1.0,0.9937,0.9975,1.0,0.9846,0.9965,valid,valid
498,100.4211,99.7639,1.0,0.9946,0.9979,1.0,0.9844,0.9965,valid,valid
499,100.4056,97.5094,1.0,0.9973,0.9985,1.0,0.9946,0.9983,valid,valid
500,99.9203,93.1292,1.0,0.997,0.9981,1.0,0.9947,0.9984,valid,valid
501,99.1877,91.7187,1.0,0.9961,0.9983,1.0,0.993,0.9977,valid,valid
502,97.9635,91.9331,1.0,0.9961,0.9979,1.0,0.9935,0.9979,valid,valid
503,96.7903,89.961,1.0,0.9959,0.9978,1.0,0.9931,0.9977,valid,valid
504,97.5734,89.7086,1.0,0.9959,0.9976,1.0,0.9938,0.9976,valid,valid
505,96.9102,88.1323,1.0,0.9964,0.9979,1.0,0.9947,0.9982,valid,valid
506,97.0307,85.5342,1.0,0.9974,0.9984,1.0,0.9946,0.9981,valid,valid
507,96.7855,83.852,1.0,0.9945,0.9971,1.0,0.9918,0.9965,valid,valid
508,96.1824,80.6698,1.0,0.9925,0.9974,1.0,0.9889,0.9968,valid,valid
509,96.9248,78.4475,1.0,0.9894,0.9959,1.0,0.9865,0.995,valid,valid
510,96.4362,77.9515,1.0,0.9921,0.9972,1.0,0.99,0.9968,valid,valid
511,96.85,79.9385,1.0,0.9944,0.9977,1.0,0.9924,0.9971,valid,valid
512,95.2747,86.5342,1.0,0.9988,0.999,1.0,0.9971,0.9986,valid,valid
513,94.8316,83.3772,1.0,0.9985,0.9988,1.0,0.9974,0.9988,valid,valid
514,95.1651,84.0933,1.0,0.9984,0.9989,1.0,0.9971,0.9986,valid,valid
515,94.8725,82.7735,1.0,0.9984,0.999,1.0,0.9969,0.9987,valid,valid
516,95.7941,85.138,1.0,0.9983,0.9989,1.0,0.9962,0.9984,valid,valid
517,95.45,86.4635,1.0,0.9982,0.9988,1.0,0.9964,0.9986,valid,valid
518,95.8305,86.0167,1.0,0.9924,0.9967,1.0,0.9879,0.9972,valid,valid
519,95.6626,90.3893,1.0,0.9979,0.9985,1.0,0.9951,0.9983,valid,valid
520,97.962,89.1482,1.0,0.9976,0.9991,1.0,0.995,0.9986,valid,valid
521,98.7648,86.6496,1.0,0.9953,0.9986,1.0,0.9916,0.9984,valid,valid
522,99.5134,88.0314,1.0,0.9973,0.9991,1.0,0.9953,0.999,valid,valid
523,100.5798,92.9177,1.0,0.9982,0.9991,1.0,0.9958,0.9989,valid,valid
524,102.9138,91.1721,1.0,0.9967,0.9986,1.0,0.9933,0.9986,valid,valid
525,105.1399,93.0341,1.0,0.9977,0.9985,1.0,0.9919,0.9982,valid,valid
526,105.4821,93.9239,1.0,0.9988,0.9991,1.0,0.9953,0.999,valid,valid
527,105.956,94.7244,1.0,0.9967,0.9985,1.0,0.9903,0.9981,valid,valid
528,108.3906,95.0692,1.0,0.9963,0.9983,1.0,0.9879,0.9969,valid,valid
529,109.0355,98.4901,1.0,0.9944,0.9976,1.0,0.9867,0.9977,valid,valid
530,112.3213,101.3249,1.0,0.9911,0.9963,1.0,0.973,0.9949,valid,valid
531,114.0635,104.0271,1.0,0.993,0.997,1.0,0.9833,0.9965,valid,valid
532,119.1516,106.0371,1.0,0.9907,0.9965,1.0,0.9748,0.9951,valid,valid
533,122.0282,110.281,1.0,0.991,0.9961,1.0,0.973,0.9945,valid,valid
534,126.2444,116.9189,1.0,0.9928,0.997,1.0,0.9645,0.9936,valid,valid
535,126.6421,119.4269,1.0,0.99,0.9964,1.0,0.9362,0.9903,valid,valid
536,128.1384,123.4369,1.0,0.9901,0.9972,1.0,0.9253,0.9891,valid,valid
537,131.3728,129.8105,1.0,0.9866,0.9956,1.0,0.9094,0.9846,valid,valid
538,136.153,132.2637,1.0,0.9778,0.9922,1.0,0.8389,0.9675,valid,valid
539,134.6891,138.4416,1.0,0.9857,0.9945,1.0,0.844,0.9738,valid,valid
540,135.7236,150.8023,1.0,0.9893,0.9955,1.0,0.8817,0.98,valid,valid
541,135.5925,152.4246,1.0,0.986,0.9936,1.0,0.8823,0.9818,valid,valid
542,136.7644,157.756,1.0,0.9911,0.9954,1.0,0.9074,0.9833,valid,valid
543,135.9478,161.3942,1.0,0.9907,0.9954,1.0,0.9225,0.9877,valid,valid
544,134.323,163.5635,1.0,0.9935,0.9954,1.0,0.9294,0.9886,valid,valid
545,136.1252,166.9693,1.0,0.9925,0.9951,1.0,0.9134,0.9859,valid,valid
546,134.8275,171.3584,1.0,0.9946,0.9958,1.0,0.9421,0.9908,valid,valid
547,134.2029,172.2652,1.0,0.9924,0.9951,1.0,0.9181,0.9854,valid,valid
548,132.4066,175.7409,1.0,0.9941,0.9956,1.0,0.9392,0.9888,valid,valid
549,132.4335,175.4795,1.0,0.9949,0.9959,1.0,0.9562,0.9922,valid,valid
550,133.2283,177.0733,1.0,0.9924,0.9933,1.0,0.9535,0.9912,valid,valid
551,133.2959,178.5845,1.0,0.9928,0.9943,1.0,0.9512,0.991,valid,valid
552,132.6026,177.518,1.0,0.9931,0.9952,1.0,0.9404,0.9887,valid,valid
553,133.6701,179.159,1.0,0.9927,0.9941,1.0,0.932,0.9867,valid,valid
554,134.1654,178.238,1.0,0.9882,0.9917,1.0,0.9048,0.9812,valid,valid
555,135.1225,177.7422,1.0,0.9923,0.9935,1.0,0.9362,0.9874,valid,valid
556,135.8612,178.2336,1.0,0.9926,0.9946,1.0,0.9227,0.9845,valid,valid
557,136.1546,176.2831,1.0,0.9921,0.9938,1.0,0.9223,0.9838,valid,valid
558,136.3093,176.4415,1.0,0.9914,0.9917,1.0,0.9144,0.9812,valid,valid
559,136.6044,175.9598,1.0,0.9898,0.989,1.0,0.9169,0.9816,valid,valid
560,137.4382,175.4972,1.0,0.985,0.986,1.0,0.8551,0.9667,valid,valid
561,137.9219,174.1497,1.0,0.9875,0.9869,1.0,0.8714,0.968,valid,valid
562,138.8404,174.0645,1.0,0.9901,0.9904,1.0,0.8804,0.9735,valid,valid
563,137.5012,174.4684,1.0,0.9882,0.9886,1.0,0.8648,0.9679,valid,valid
564,136.7927,174.1287,1.0,0.991,0.9917,1.0,0.8888,0.9721,valid,valid
565,135.6381,173.7878,1.0,0.9911,0.9911,1.0,0.8819,0.9737,valid,valid
566,135.839,174.4189,1.0,0.9936,0.9942,1.0,0.9107,0.9794,valid,valid
567,135.8966,175.6543,1.0,0.994,0.9956,1.0,0.9275,0.9866,valid,valid
568,136.805,178.8063,1.0,0.9939,0.9953,1.0,0.9328,0.9863,valid,valid
569,135.3631,178.9168,1.0,0.9923,0.9943,1.0,0.9112,0.9807,valid,valid
570,135.2601,177.5557,1.0,0.9911,0.9928,1.0,0.8889,0.9738,valid,valid
571,133.5353,173.6068,1.0,0.9913,0.9941,1.0,0.8815,0.9773,valid,valid
572,134.9047,169.9974,1.0,0.9881,0.9925,1.0,0.8772,0.9751,valid,valid
573,134.3763,166.0823,1.0,0.9877,0.9928,1.0,0.8653,0.9737,valid,valid
574,132.3911,161.1047,1.0,0.9891,0.9934,1.0,0.8801,0.9789,valid,valid
575,133.5147,154.7351,1.0,0.9858,0.9932,1.0,0.8751,0.976,valid,valid
576,132.4604,148.358,1.0,0.9813,0.9926,1.0,0.8398,0.9672,valid,valid
577,132.6591,145.1245,1.0,0.9878,0.9944,1.0,0.8888,0.9792,valid,valid
578,131.4225,141.0632,1.0,0.9845,0.9939,1.0,0.8591,0.9759,valid,valid
579,131.4744,135.4103,1.0,0.9834,0.9935,1.0,0.8522,0.9718,valid,valid
580,131.8564,130.697,1.0,0.9769,0.9929,1.0,0.8163,0.9702,valid,valid
581,130.7236,127.638,1.0,0.9823,0.9934,1.0,0.8417,0.9707,valid,valid
582,126.8217,125.2202,1.0,0.9879,0.994,1.0,0.9225,0.9867,valid,valid
583,123.5175,124.456,1.0,0.9924,0.9957,1.0,0.9521,0.9915,valid,valid
584,123.4569,122.0301,1.0,0.9918,0.9959,1.0,0.9549,0.9924,valid,valid
585,122.7132,121.4979,1.0,0.9933,0.9961,1.0,0.9674,0.994,valid,valid
586,123.3684,121.1963,1.0,0.9879,0.992,1.0,0.9309,0.9866,valid,valid
587,121.3039,118.1908,1.0,0.9908,0.9948,1.0,0.9522,0.9917,valid,valid
588,118.9161,115.7247,1.0,0.988,0.9936,1.0,0.9385,0.9858,valid,valid
589,119.0126,115.5255,1.0,0.9904,0.9938,1.0,0.9526,0.9904,valid,valid
590,118.9384,116.7142,1.0,0.9901,0.9931,1.0,0.9575,0.9907,valid,valid
591,116.5012,116.3752,1.0,0.9839,0.9923,1.0,0.9439,0.9885,valid,valid
592,128.1495,121.5233,1.0,0.9618,0.9805,0.9999,0.5883,0.6776,valid,valid
593,110.1087,116.3947,1.0,0.9858,0.9656,0.9999,0.6843,0.6998,valid,valid
594,113.8136,108.8955,1.0,0.9841,0.9929,1.0,0.9673,0.9921,valid,valid
595,111.9684,109.1483,1.0,0.9895,0.9938,1.0,0.9666,0.9914,valid,valid
596,111.7433,108.6129,1.0,0.9857,0.9904,1.0,0.9621,0.9903,valid,valid
597,110.3951,107.9638,1.0,0.9893,0.9939,1.0,0.9684,0.9929,valid,valid
598,112.5557,109.1549,1.0,0.9887,0.9927,1.0,0.9564,0.9776,valid,valid
599,108.9935,106.9461,1.0,0.9925,0.9958,1.0,0.9825,0.9961,valid,valid
600,109.6969,103.5978,1.0,0.9965,0.9976,1.0,0.9891,0.9977,valid,valid
601,109.1057,104.072,1.0,0.9965,0.9978,1.0,0.9859,0.9975,valid,valid
602,109.1853,100.7959,1.0,0.9965,0.9979,1.0,0.987,0.9979,valid,valid
603,109.5333,95.4727,1.0,0.994,0.9973,1.0,0.9878,0.9983,valid,valid
604,108.6607,97.7985,1.0,0.9959,0.9978,1.0,0.9929,0.9987,valid,valid
605,107.8741,99.272,1.0,0.9983,0.9989,1.0,0.9932,0.9987,valid,valid
606,108.5346,97.3638,1.0,0.9978,0.9986,1.0,0.9904,0.9982,valid,valid
607,106.1405,102.6535,1.0,0.999,0.9993,1.0,0.9958,0.9992,valid,valid
608,106.4808,95.6082,1.0,0.9984,0.9988,1.0,0.9959,0.999,valid,valid
609,104.313,98.4544,1.0,0.9985,0.9992,1.0,0.996,0.9991,valid,valid
610,103.4909,101.7063,1.0,0.9987,0.9993,1.0,0.9967,0.9992,valid,valid
611,101.9728,98.4531,1.0,0.9987,0.9992,1.0,0.9961,0.999,valid,valid
612,102.3411,98.4389,1.0,0.9985,0.9992,1.0,0.9963,0.9991,valid,valid
613,101.0312,98.4232,1.0,0.9985,0.9992,1.0,0.9949,0.9988,valid,valid
614,100.4193,94.2283,1.0,0.9973,0.9987,1.0,0.9947,0.9985,valid,valid
615,99.9293,93.6319,1.0,0.9981,0.999,1.0,0.9962,0.9989,valid,valid
616,99.4803,93.6197,1.0,0.9979,0.9989,1.0,0.9944,0.9985,valid,valid
617,98.4755,93.4065,1.0,0.9985,0.999,1.0,0.9942,0.9985,valid,valid
618,100.5905,88.9152,1.0,0.9973,0.9987,1.0,0.9954,0.9987,valid,valid
619,99.6251,90.7565,1.0,0.9984,0.9991,1.0,0.997,0.9992,valid,valid
620,99.9431,88.8757,1.0,0.9968,0.9985,1.0,0.9942,0.9984,valid,valid
621,101.8334,87.1306,1.0,0.9972,0.9986,1.0,0.9953,0.9986,valid,valid
622,100.9158,86.484,1.0,0.9974,0.9986,1.0,0.9948,0.9984,valid,valid
623,101.1242,86.7029,1.0,0.9971,0.9985,1.0,0.9949,0.9984,valid,valid
624,103.5411,86.2327,1.0,0.9955,0.9984,1.0,0.9951,0.9986,valid,valid
625,103.3298,86.575,1.0,0.9956,0.9982,1.0,0.9939,0.9982,valid,valid
626,103.6814,89.6214,1.0,0.9977,0.9987,1.0,0.9958,0.9988,valid,valid
627,102.7381,91.7794,1.0,0.998,0.9988,1.0,0.9957,0.9988,valid,valid
628,105.6947,92.3559,1.0,0.9971,0.9988,1.0,0.9933,0.9984,valid,valid
629,107.2562,91.4473,1.0,0.9975,0.9988,1.0,0.9929,0.9986,valid,valid
630,106.2901,92.1422,1.0,0.9988,0.9991,1.0,0.9943,0.9988,valid,valid
631,106.7288,96.769,1.0,0.9984,0.999,1.0,0.9929,0.9986,valid,valid
632,110.363,99.1615,1.0,0.9967,0.9981,1.0,0.9864,0.9975,valid,valid
633,111.6509,104.4636,1.0,0.9921,0.997,1.0,0.9753,0.9958,valid,valid
634,113.7478,109.1207,1.0,0.996,0.9974,1.0,0.9847,0.9974,valid,valid
635,117.2384,108.4587,1.0,0.9916,0.9969,1.0,0.9654,0.9948,valid,valid
636,125.2948,109.9965,1.0,0.9795,0.9948,1.0,0.8908,0.9796,valid,valid
637,126.1149,115.3266,1.0,0.9753,0.994,1.0,0.8465,0.9768,valid,valid
638,127.6891,123.0478,1.0,0.9922,0.997,1.0,0.9325,0.9907,valid,valid
639,130.9129,130.0923,1.0,0.9863,0.996,1.0,0.9002,0.9878,valid,valid
640,134.2326,134.9433,1.0,0.9849,0.9935,1.0,0.8753,0.9803,valid,valid
641,133.5567,142.5636,1.0,0.9856,0.9928,1.0,0.8993,0.9838,valid,valid
642,134.9933,147.4733,1.0,0.987,0.9918,1.0,0.892,0.9822,valid,valid
643,136.4388,155.2612,1.0,0.9831,0.9917,1.0,0.901,0.9813,valid,valid
644,140.2304,160.3822,1.0,0.9839,0.9904,1.0,0.8866,0.9773,valid,valid
645,137.8242,164.4029,1.0,0.9856,0.9908,1.0,0.8956,0.9787,valid,valid
646,140.557,166.5372,1.0,0.9794,0.9899,1.0,0.8658,0.9738,valid,valid
647,141.0241,167.8362,1.0,0.9781,0.9895,1.0,0.8153,0.9574,valid,valid
648,142.3095,169.6754,1.0,0.9717,0.9855,1.0,0.8214,0.959,valid,valid
649,142.7508,171.4869,1.0,0.9738,0.9883,1.0,0.7989,0.9517,valid,valid
650,143.572,172.8165,1.0,0.9748,0.9884,1.0,0.7886,0.9488,valid,valid
651,144.293,172.9686,1.0,0.9849,0.9924,1.0,0.8506,0.9644,valid,valid
652,143.6566,176.4076,1.0,0.9793,0.9918,1.0,0.8148,0.9606,valid,valid
653,144.7441,177.1468,1.0,0.9835,0.9927,1.0,0.8304,0.9591,valid,valid
654,144.555,178.1258,1.0,0.9854,0.995,1.0,0.8348,0.9655,valid,valid
655,144.9658,178.1242,1.0,0.9832,0.9944,1.0,0.8155,0.9613,valid,valid
656,144.1616,177.3685,1.0,0.9773,0.9926,1.0,0.7519,0.9403,valid,valid
657,145.4053,177.1827,1.0,0.9596,0.9908,1.0,0.6272,0.901,valid,valid
658,144.4186,176.9058,1.0,0.9565,0.9906,1.0,0.5809,0.8864,valid,valid
659,145.198,177.8628,1.0,0.9526,0.9897,1.0,0.5532,0.8713,valid,valid
660,142.3235,176.7647,1.0,0.9643,0.9902,1.0,0.6535,0.9089,valid,valid
661,141.4982,175.0671,1.0,0.9665,0.9891,1.0,0.7048,0.9328,valid,valid
662,141.2399,175.3822,1.0,0.9733,0.9892,1.0,0.7552,0.9487,valid,valid
663,140.509,174.7291,1.0,0.9758,0.9876,1.0,0.7265,0.9334,valid,valid
664,141.0018,173.5668,1.0,0.9768,0.9884,1.0,0.7946,0.9531,valid,valid
665,140.4554,173.4327,1.0,0.971,0.9885,1.0,0.8127,0.961,valid,valid
666,141.6052,171.7016,1.0,0.9867,0.9922,1.0,0.8796,0.9737,valid,valid
667,140.4156,171.4681,1.0,0.9911,0.994,1.0,0.9266,0.9845,valid,valid
668,138.9896,170.8778,1.0,0.9867,0.9929,1.0,0.8966,0.9802,valid,valid
669,138.6602,170.9875,1.0,0.9788,0.9899,1.0,0.8585,0.9733,valid,valid
670,138.9157,167.7921,1.0,0.9756,0.9891,1.0,0.8342,0.9663,valid,valid
671,141.1798,166.3029,1.0,0.9869,0.9933,1.0,0.8866,0.9748,valid,valid
672,140.8442,164.8427,1.0,0.9893,0.9948,1.0,0.8849,0.9757,valid,valid
673,139.002,160.4107,1.0,0.9843,0.993,1.0,0.8743,0.9733,valid,valid
674,138.6846,156.9226,1.0,0.9782,0.9917,1.0,0.8211,0.9666,valid,valid
675,139.2523,152.4867,1.0,0.9771,0.991,1.0,0.7885,0.9539,valid,valid
676,137.96,143.6596,1.0,0.9891,0.9959,1.0,0.8994,0.9817,valid,valid
677,135.1756,138.401,1.0,0.9901,0.9967,1.0,0.8964,0.9825,valid,valid
678,133.4418,132.2587,1.0,0.9871,0.9958,1.0,0.8905,0.9815,valid,valid
679,131.6802,129.9362,1.0,0.9826,0.9951,1.0,0.8566,0.9773,valid,valid
680,129.2131,122.4261,1.0,0.9838,0.9951,1.0,0.8416,0.9715,valid,valid
681,126.5902,120.4951,1.0,0.9859,0.9958,1.0,0.9147,0.9884,valid,valid
682,124.0915,118.3326,1.0,0.985,0.9952,1.0,0.9252,0.989,valid,valid
683,120.8324,116.3569,1.0,0.9912,0.9956,1.0,0.9488,0.9909,valid,valid
684,117.6248,113.7083,1.0,0.9954,0.9968,1.0,0.9786,0.9957,valid,valid
685,117.9289,115.1688,1.0,0.995,0.9971,1.0,0.9787,0.9961,valid,valid
686,114.7861,113.9971,1.0,0.9956,0.9971,1.0,0.9813,0.9962,valid,valid
687,111.3387,110.6755,1.0,0.9949,0.9975,1.0,0.9861,0.998,valid,valid
688,111.4315,112.2473,1.0,0.9985,0.9991,1.0,0.9937,0.9986,valid,valid
689,110.7334,111.0201,1.0,0.9988,0.9991,1.0,0.9947,0.9988,valid,valid
690,108.5949,112.9884,1.0,0.9988,0.9992,1.0,0.994,0.9987,valid,valid
691,109.6016,110.3775,1.0,0.9983,0.9991,1.0,0.9951,0.999,valid,valid
692,108.0319,108.5667,1.0,0.9982,0.9992,1.0,0.9959,0.9993,valid,valid
693,107.7004,105.1636,1.0,0.9984,0.9993,1.0,0.9956,0.9992,valid,valid
694,106.5167,101.5916,1.0,0.9976,0.9989,1.0,0.9949,0.9987,valid,valid
695,106.1953,98.802,1.0,0.9941,0.9985,1.0,0.9891,0.9978,valid,valid
696,104.9084,102.517,1.0,0.9969,0.9989,1.0,0.9931,0.9984,valid,valid
697,103.308,99.1988,1.0,0.9919,0.9976,1.0,0.9821,0.9959,valid,valid
698,102.3762,100.782,1.0,0.9947,0.998,1.0,0.9904,0.9975,valid,valid
699,100.1223,100.0804,1.0,0.9966,0.9984,1.0,0.9922,0.9978,valid,valid
700,100.6443,97.8277,1.0,0.9912,0.9961,1.0,0.9859,0.9951,valid,valid
701,101.2876,96.3538,1.0,0.9931,0.9969,1.0,0.9873,0.9962,valid,valid
702,98.8561,97.1646,1.0,0.9849,0.9939,1.0,0.9675,0.9901,valid,valid
703,99.2352,94.1269,1.0,0.9892,0.9951,1.0,0.9818,0.9935,valid,valid
704,97.1995,92.1803,1.0,0.9874,0.9946,1.0,0.9774,0.9923,valid,valid
705,98.3276,91.0981,1.0,0.9918,0.9963,1.0,0.9864,0.995,valid,valid
706,97.6044,90.2256,1.0,0.9905,0.9958,1.0,0.9871,0.9948,valid,valid
707,95.822,90.1418,1.0,0.9936,0.9963,1.0,0.9892,0.9953,valid,valid
708,93.8096,88.0828,1.0,0.9929,0.9961,1.0,0.9914,0.9954,valid,valid
709,93.6575,89.8552,1.0,0.9945,0.997,1.0,0.9917,0.9962,valid,valid
710,93.1783,86.2412,1.0,0.9943,0.9974,1.0,0.9933,0.9965,valid,valid
711,93.0194,85.2055,1.0,0.9945,0.9969,1.0,0.9938,0.9965,valid,valid
712,93.3405,87.9097,1.0,0.9943,0.9963,1.0,0.9926,0.996,valid,valid
713,94.3415,88.02,1.0,0.9941,0.997,1.0,0.9916,0.9964,valid,valid
714,94.6171,89.6945,1.0,0.9943,0.9966,1.0,0.9886,0.9952,valid,valid
715,95.5351,90.8685,1.0,0.9948,0.9972,1.0,0.9892,0.9956,valid,valid
716,97.6357,94.5899,1.0,0.9943,0.9972,1.0,0.9883,0.9957,valid,valid
717,99.5538,94.3873,1.0,0.9897,0.9953,1.0,0.9848,0.9937,valid,valid
718,102.1686,96.8044,1.0,0.9934,0.9973,1.0,0.9837,0.9947,valid,valid
719,105.8277,100.1241,1.0,0.9911,0.9966,1.0,0.9828,0.9953,valid,valid
720,108.1839,99.565,1.0,0.997,0.9988,1.0,0.9917,0.998,valid,valid
721,111.8507,101.1086,1.0,0.9965,0.9987,1.0,0.9899,0.998,valid,valid
722,115.4937,100.5978,1.0,0.9975,0.9993,1.0,0.9916,0.9985,valid,valid
723,118.5922,106.7811,1.0,0.9982,0.9994,1.0,0.9951,0.9991,valid,valid
724,124.8596,109.6709,1.0,0.9974,0.9989,1.0,0.985,0.9973,valid,valid
725,128.5394,113.8428,1.0,0.9968,0.9984,1.0,0.9708,0.9947,valid,valid
726,132.8864,116.9863,1.0,0.989,0.9969,1.0,0.8968,0.9832,valid,valid
727,137.6823,119.6038,1.0,0.9892,0.9966,1.0,0.9219,0.9886,valid,valid
728,145.796,126.4332,1.0,0.9893,0.9969,1.0,0.8926,0.9845,valid,valid
729,146.5777,132.7762,1.0,0.9702,0.9912,1.0,0.7324,0.9178,valid,valid
730,157.0494,138.9828,1.0,0.977,0.9935,0.9999,0.615,0.8237,valid,valid
731,157.0683,136.8336,1.0,0.9903,0.9963,1.0,0.8282,0.9575,valid,valid
732,162.0118,137.8357,1.0,0.9991,0.9996,1.0,0.9882,0.9984,valid,valid
733,166.943,142.5996,1.0,0.9973,0.9992,1.0,0.9459,0.9924,valid,valid
734,168.3544,145.3111,1.0,0.9979,0.9992,1.0,0.9574,0.9932,valid,valid
735,171.0758,147.9816,1.0,0.9977,0.9992,1.0,0.9672,0.9954,valid,valid
736,172.4977,148.5532,1.0,0.9963,0.9984,1.0,0.9417,0.991,valid,valid
737,171.4639,149.0361,1.0,0.9868,0.9964,1.0,0.7928,0.965,valid,valid
738,167.8232,151.2039,1.0,0.9873,0.9967,1.0,0.8061,0.9674,valid,valid
739,165.1324,154.9715,1.0,0.9962,0.9985,1.0,0.9469,0.9919,valid,valid
740,160.9282,157.5685,1.0,0.9681,0.9934,1.0,0.6011,0.8999,valid,valid
741,159.4563,160.0457,1.0,0.9765,0.9953,1.0,0.6865,0.93,valid,valid
742,153.406,162.5385,1.0,0.9805,0.9961,1.0,0.7011,0.9282,valid,valid
743,151.0384,165.1995,1.0,0.9796,0.9943,1.0,0.6519,0.899,valid,valid
744,145.7037,,1.0,0.9129,0.9804,1.0,0.3749,0.7305,valid,chain_incomplete
745,141.0267,170.296,1.0,0.9637,0.9923,1.0,0.6579,0.8921,valid,valid
746,137.3853,169.8585,1.0,0.9665,0.9912,1.0,0.6086,0.8619,valid,valid
747,134.6252,171.981,1.0,0.9678,0.9905,1.0,0.5431,0.8182,valid,valid
748,132.6256,172.0969,1.0,0.966,0.9904,1.0,0.5445,0.8264,valid,valid
749,127.5951,178.2301,1.0,0.9674,0.9888,1.0,0.5782,0.845,valid,valid
750,128.0094,177.1751,1.0,0.9678,0.9883,1.0,0.5221,0.8225,valid,valid
751,129.2008,,1.0,0.9656,0.9806,1.0,0.4861,0.7465,valid,chain_incomplete
752,131.2223,174.8394,1.0,0.9741,0.9874,1.0,0.5921,0.8204,valid,valid
753,134.2205,173.8389,1.0,0.9716,0.9878,1.0,0.6016,0.8349,valid,valid
754,136.3933,168.1355,1.0,0.9644,0.9862,1.0,0.6214,0.8443,valid,valid
755,137.5765,164.8384,1.0,0.9544,0.9848,1.0,0.552,0.8258,valid,valid
756,141.2007,157.8569,1.0,0.9779,0.9928,1.0,0.7128,0.9058,valid,valid
757,142.0123,151.4515,1.0,0.9855,0.9943,1.0,0.7826,0.9295,valid,valid
758,144.4037,141.1535,1.0,0.9921,0.9966,1.0,0.8074,0.9306,valid,valid
759,147.3443,128.8925,1.0,0.992,0.997,1.0,0.8336,0.9203,valid,valid
760,146.3155,116.513,1.0,0.9845,0.9931,1.0,0.7091,0.8616,valid,valid
761,146.6728,108.7331,1.0,0.9825,0.9928,1.0,0.6883,0.8475,valid,valid
762,148.2035,107.8541,1.0,0.9853,0.9947,1.0,0.6081,0.828,valid,valid
763,152.9288,,1.0,0.9805,0.9914,1.0,0.4724,0.6931,valid,chain_incomplete
764,155.6329,,1.0,0.9791,0.989,1.0,0.4839,0.6645,valid,chain_incomplete
765,159.519,108.5378,1.0,0.9823,0.9917,1.0,0.5096,0.7284,valid,valid
766,165.7658,112.8236,1.0,0.9906,0.9961,1.0,0.7163,0.8744,valid,valid
767,169.6068,114.728,1.0,0.9877,0.9951,1.0,0.6157,0.8337,valid,valid
768,168.4395,,1.0,0.9803,0.9922,0.9999,0.4213,0.7243,valid,chain_incomplete
769,167.4066,,1.0,0.9816,0.9919,0.9999,0.472,0.7459,valid,chain_incomplete
770,170.8101,131.6565,1.0,0.9874,0.9945,1.0,0.5673,0.831,valid,valid
771,170.6885,,1.0,0.9708,0.9841,0.9999,0.447,0.6997,valid,chain_incomplete
772,166.1912,134.9736,1.0,0.9893,0.9965,0.9999,0.662,0.8871,valid,valid
773,162.6427,136.0671,1.0,0.986,0.9952,0.9999,0.6345,0.883,valid,valid
774,152.606,,1.0,0.968,0.9868,0.9999,0.4314,0.7061,valid,chain_incomplete
775,131.0908,,1.0,0.962,0.9809,0.9999,0.3565,0.6395,valid,chain_incomplete
776,122.2774,,1.0,0.9656,0.9748,0.9999,0.3427,0.5951,valid,chain_incomplete
777,113.1795,,1.0,0.9573,0.972,0.9999,0.2465,0.5039,valid,chain_incomplete
778,109.4439,,1.0,0.9672,0.9744,0.9999,0.2906,0.5313,valid,chain_incomplete
779,113.7947,163.0975,1.0,0.9855,0.9897,1.0,0.5268,0.8013,valid,valid
780,118.2808,,1.0,0.9772,0.985,1.0,0.4221,0.7347,valid,chain_incomplete
781,128.8788,169.5974,1.0,0.9816,0.9886,1.0,0.5053,0.7699,valid,valid
782,138.1867,171.4282,1.0,0.9878,0.9945,1.0,0.5681,0.8452,valid,valid
783,143.9299,170.916,1.0,0.9901,0.9951,1.0,0.6716,0.8901,valid,valid
784,145.9654,175.4623,1.0,0.9867,0.9935,1.0,0.7084,0.8995,valid,valid
785,151.0245,174.5571,1.0,0.992,0.9955,1.0,0.7456,0.9096,valid,valid
786,156.3808,175.968,1.0,0.9924,0.996,1.0,0.7764,0.9277,valid,valid
787,159.3019,174.4358,1.0,0.9923,0.996,1.0,0.7541,0.918,valid,valid
788,160.8785,173.1737,1.0,0.9872,0.9923,1.0,0.6822,0.866,valid,valid
789,161.311,170.128,1.0,0.9847,0.9914,1.0,0.6688,0.8813,valid,valid
790,162.2729,162.4102,1.0,0.9921,0.9957,1.0,0.8394,0.9522,valid,valid
791,160.6807,162.272,1.0,0.9939,0.997,1.0,0.7902,0.9398,valid,valid
792,158.8703,162.6776,1.0,0.9924,0.9961,1.0,0.8413,0.9603,valid,valid
793,158.0782,159.1851,1.0,0.9947,0.9983,1.0,0.8754,0.9735,valid,valid
794,157.1132,154.9517,1.0,0.9833,0.9926,1.0,0.6514,0.9033,valid,valid
795,152.8368,,1.0,0.9549,0.9821,1.0,0.4575,0.8048,valid,chain_incomplete
796,152.2432,,1.0,0.9433,0.9808,1.0,0.4335,0.7958,valid,chain_incomplete
797,153.4164,,1.0,0.9558,0.9851,1.0,0.466,0.8026,valid,chain_incomplete
798,155.9774,136.2168,1.0,0.9687,0.9908,1.0,0.608,0.8769,valid,valid
799,159.7238,137.8724,1.0,0.973,0.9932,1.0,0.6843,0.9019,valid,valid
800,161.9267,138.0666,1.0,0.9696,0.9932,1.0,0.6185,0.88,valid,valid
801,161.3471,140.9535,1.0,0.9496,0.9877,1.0,0.5748,0.866,valid,valid
802,162.0435,140.4404,1.0,0.9667,0.9919,1.0,0.6855,0.8937,valid,valid
803,165.9057,141.296,1.0,0.9653,0.9918,1.0,0.6665,0.8936,valid,valid
804,167.1539,142.9485,1.0,0.9755,0.9938,1.0,0.7166,0.9033,valid,valid
805,164.5925,144.7377,1.0,0.9761,0.9946,1.0,0.7439,0.9284,valid,valid
806,160.9872,148.8234,1.0,0.9888,0.9972,1.0,0.8394,0.9612,valid,valid
807,151.0085,156.9129,1.0,0.9837,0.9953,1.0,0.7244,0.9199,valid,valid
808,144.3006,167.929,1.0,0.9867,0.9939,1.0,0.7404,0.9201,valid,valid
809,140.7315,173.5659,1.0,0.9888,0.9932,1.0,0.7621,0.9276,valid,valid
810,141.0299,170.5757,1.0,0.9888,0.9941,1.0,0.6807,0.9054,valid,valid
811,139.5625,173.5095,1.0,0.9769,0.9898,1.0,0.5566,0.8634,valid,valid
812,138.0962,169.1059,1.0,0.9753,0.9898,1.0,0.517,0.8341,valid,valid
813,140.8674,170.5863,1.0,0.9846,0.9941,1.0,0.5243,0.8686,valid,valid
814,143.0968,170.2613,1.0,0.9895,0.9953,1.0,0.6163,0.8999,valid,valid
815,143.5901,170.9176,1.0,0.9871,0.9948,1.0,0.5342,0.8667,valid,valid
816,147.447,172.5418,1.0,0.9864,0.9954,1.0,0.5446,0.884,valid,valid
817,147.4982,,1.0,0.9816,0.9936,1.0,0.4597,0.8257,valid,chain_incomplete
818,147.5165,,1.0,0.9824,0.9947,0.9999,0.4836,0.8316,valid,chain_incomplete
819,150.616,,1.0,0.9817,0.9946,1.0,0.4511,0.8242,valid,chain_incomplete
820,151.5988,,1.0,0.9846,0.995,0.9999,0.4987,0.8436,valid,chain_incomplete
821,153.4511,172.6025,1.0,0.9812,0.9939,1.0,0.537,0.8743,valid,valid
822,155.8262,172.5493,1.0,0.9873,0.9955,1.0,0.5938,0.8876,valid,valid
823,157.8057,172.0811,1.0,0.9885,0.9959,1.0,0.6173,0.8997,valid,valid
824,157.5029,173.9615,1.0,0.9875,0.9951,1.0,0.6959,0.926,valid,valid
825,158.3831,174.6091,1.0,0.9822,0.9932,1.0,0.6124,0.8956,valid,valid
826,157.5692,173.1371,1.0,0.9813,0.9931,1.0,0.6455,0.9039,valid,valid
827,159.5822,173.4473,1.0,0.982,0.9916,1.0,0.6579,0.8682,valid,valid
828,162.019,167.4418,1.0,0.9878,0.9949,1.0,0.7109,0.9112,valid,valid
829,158.2674,173.4748,1.0,0.9851,0.9937,1.0,0.6505,0.8948,valid,valid
830,161.0715,173.5424,1.0,0.9869,0.9941,1.0,0.7091,0.918,valid,valid
831,160.0878,171.4687,1.0,0.9808,0.9903,1.0,0.6554,0.8756,valid,valid
832,162.4676,169.59,1.0,0.9858,0.9937,1.0,0.6875,0.9007,valid,valid
833,165.4845,167.5863,1.0,0.9816,0.993,1.0,0.6633,0.8988,valid,valid
834,167.5023,164.6629,1.0,0.975,0.9902,1.0,0.6227,0.8847,valid,valid
835,166.3408,162.1793,1.0,0.9671,0.9886,1.0,0.5763,0.8471,valid,valid
836,162.4718,163.5456,1.0,0.9734,0.991,1.0,0.6238,0.8726,valid,valid
837,162.1848,163.5094,1.0,0.9683,0.9883,1.0,0.6157,0.8585,valid,valid
838,161.9681,166.1669,1.0,0.9767,0.9912,1.0,0.6731,0.8927,valid,valid
839,161.587,164.5276,1.0,0.9728,0.9915,1.0,0.6248,0.8836,valid,valid
840,160.5683,165.6548,1.0,0.983,0.9937,1.0,0.7587,0.9353,valid,valid
841,157.1677,166.4992,1.0,0.9765,0.9921,1.0,0.6751,0.9044,valid,valid
842,155.9186,171.3699,1.0,0.9842,0.994,1.0,0.7314,0.9222,valid,valid
843,152.7537,175.2919,1.0,0.9817,0.9918,1.0,0.6675,0.894,valid,valid
844,149.0439,175.4918,1.0,0.9842,0.9905,1.0,0.6572,0.8821,valid,valid
845,150.7434,178.5836,1.0,0.986,0.9926,1.0,0.6986,0.9222,valid,valid
846,151.0286,179.1531,1.0,0.9855,0.9927,1.0,0.6619,0.9036,valid,valid
847,151.2282,178.8184,1.0,0.9845,0.9936,1.0,0.6708,0.9129,valid,valid
848,150.7048,178.7945,1.0,0.9836,0.994,1.0,0.6154,0.9031,valid,valid
849,152.3627,177.9501,1.0,0.9883,0.9955,1.0,0.6541,0.9189,valid,valid
850,155.8626,175.891,1.0,0.9794,0.9926,1.0,0.5602,0.8931,valid,valid
851,159.737,172.2884,1.0,0.9874,0.9957,1.0,0.5868,0.903,valid,valid
852,161.5661,174.5814,1.0,0.9951,0.9984,1.0,0.7728,0.9554,valid,valid
853,166.3167,174.5709,1.0,0.9959,0.9986,1.0,0.8057,0.9646,valid,valid
854,166.2781,175.8099,1.0,0.9945,0.9983,1.0,0.748,0.9538,valid,valid
855,165.7345,174.9755,1.0,0.996,0.9987,1.0,0.8038,0.9624,valid,valid
856,169.6229,176.1981,1.0,0.9944,0.998,1.0,0.7572,0.9428,valid,valid
857,170.8337,172.2794,1.0,0.9967,0.9989,1.0,0.8588,0.9685,valid,valid
858,171.074,171.4414,1.0,0.9969,0.9987,1.0,0.8851,0.9721,valid,valid
859,171.3743,169.5395,1.0,0.9967,0.9986,1.0,0.8745,0.9664,valid,valid
860,168.1747,169.471,1.0,0.9937,0.9976,1.0,0.7886,0.9416,valid,valid
861,167.639,168.9578,1.0,0.9859,0.9946,1.0,0.6676,0.9097,valid,valid
862,166.6551,171.5388,1.0,0.9931,0.9971,1.0,0.7996,0.9553,valid,valid
863,166.1065,169.5863,1.0,0.9873,0.9947,1.0,0.6985,0.9178,valid,valid
864,167.0467,169.7988,1.0,0.9871,0.9945,1.0,0.6921,0.9119,valid,valid
865,164.6878,169.66,1.0,0.985,0.9934,1.0,0.6905,0.9134,valid,valid
866,161.8529,169.0856,1.0,0.979,0.99,1.0,0.6571,0.8945,valid,valid
867,162.4319,168.0493,1.0,0.982,0.9914,1.0,0.7027,0.9144,valid,valid
868,163.9021,169.062,1.0,0.9727,0.9881,1.0,0.6222,0.8826,valid,valid
869,165.4139,168.0489,1.0,0.974,0.9893,1.0,0.6159,0.8817,valid,valid
870,164.7478,168.5265,1.0,0.9789,0.9914,1.0,0.6382,0.8915,valid,valid
871,165.9964,168.9883,1.0,0.9819,0.9921,1.0,0.6355,0.8937,valid,valid
872,166.6074,170.3103,1.0,0.9781,0.9904,1.0,0.617,0.8929,valid,valid
873,165.479,170.4966,1.0,0.9834,0.9929,1.0,0.6883,0.9174,valid,valid
874,165.6727,171.0238,1.0,0.9851,0.9938,1.0,0.6839,0.9163,valid,valid
875,164.8992,170.0174,1.0,0.9882,0.9949,1.0,0.7306,0.9316,valid,valid
876,164.199,170.5214,1.0,0.986,0.9939,1.0,0.6912,0.9183,valid,valid
877,163.7956,169.477,1.0,0.9875,0.9948,1.0,0.6628,0.908,valid,valid
878,163.9024,170.2621,1.0,0.9861,0.9939,1.0,0.6515,0.9001,valid,valid
879,161.9349,170.6769,1.0,0.9886,0.9956,1.0,0.6758,0.9189,valid,valid
880,163.4847,170.1351,1.0,0.985,0.9942,1.0,0.6312,0.9006,valid,valid
881,163.0505,172.224,1.0,0.9896,0.9953,1.0,0.7041,0.9313,valid,valid
882,162.2223,172.1226,1.0,0.9912,0.9964,1.0,0.7369,0.9414,valid,valid
883,163.7573,170.3385,1.0,0.9857,0.9944,1.0,0.6476,0.8934,valid,valid
884,162.9036,168.1926,1.0,0.9795,0.9921,1.0,0.5751,0.8539,valid,valid
885,162.3031,,1.0,0.9684,0.9868,1.0,0.4839,0.7145,valid,chain_incomplete
886,162.398,171.2514,1.0,0.9774,0.9916,1.0,0.5381,0.8349,valid,valid
887,161.6502,174.7145,1.0,0.9866,0.9947,1.0,0.6923,0.9147,valid,valid
888,160.7537,175.1954,1.0,0.9887,0.9951,1.0,0.7203,0.9237,valid,valid
889,161.084,174.8368,1.0,0.9896,0.9956,1.0,0.7418,0.9283,valid,valid
890,161.8667,172.5609,1.0,0.991,0.9961,1.0,0.732,0.9206,valid,valid
891,162.113,173.1385,1.0,0.9891,0.9951,1.0,0.7133,0.9105,valid,valid
892,160.6542,175.9737,1.0,0.9906,0.9959,1.0,0.7953,0.9486,valid,valid
893,162.3535,173.9379,1.0,0.988,0.9939,1.0,0.7357,0.9175,valid,valid
894,162.1568,171.7733,1.0,0.9881,0.9948,1.0,0.7147,0.9118,valid,valid
895,161.5448,174.3259,1.0,0.9874,0.9936,1.0,0.7366,0.9205,valid,valid
896,162.4471,175.5926,1.0,0.9847,0.9932,1.0,0.6796,0.8978,valid,valid
897,163.2228,175.5897,1.0,0.9824,0.9924,1.0,0.6567,0.8861,valid,valid
898,161.7552,174.6412,1.0,0.9835,0.9934,1.0,0.6623,0.895,valid,valid
899,160.4513,176.1624,1.0,0.9838,0.9929,1.0,0.655,0.8887,valid,valid
900,161.7767,175.5247,1.0,0.9851,0.9937,1.0,0.684,0.904,valid,valid
901,161.8686,174.9338,1.0,0.9871,0.9947,1.0,0.7091,0.9142,valid,valid
902,161.3844,173.9204,1.0,0.9833,0.9931,1.0,0.6844,0.9005,valid,valid
903,160.0685,177.2692,1.0,0.9838,0.9924,1.0,0.6597,0.8923,valid,valid
904,162.4625,176.4308,1.0,0.9854,0.9931,1.0,0.6712,0.8919,valid,valid
905,161.3189,176.9311,1.0,0.9867,0.994,1.0,0.6991,0.9114,valid,valid
906,161.0483,178.5572,1.0,0.9814,0.9916,1.0,0.6527,0.8937,valid,valid
907,161.6486,177.7904,1.0,0.9851,0.993,1.0,0.6981,0.9039,valid,valid
908,162.4145,175.4417,1.0,0.9883,0.9947,1.0,0.7043,0.9085,valid,valid
909,160.9681,176.5688,1.0,0.9889,0.9938,1.0,0.7325,0.917,valid,valid
910,160.3325,174.9484,1.0,0.9905,0.9955,1.0,0.7498,0.9294,valid,valid
911,160.4997,172.8227,1.0,0.9889,0.994,1.0,0.7517,0.9254,valid,valid
912,161.5279,171.0425,1.0,0.9882,0.9948,1.0,0.7199,0.9196,valid,valid
913,160.5746,173.0863,1.0,0.9883,0.9939,1.0,0.751,0.9271,valid,valid
914,159.882,174.0203,1.0,0.987,0.9937,1.0,0.7161,0.9118,valid,valid
915,160.4341,172.5023,1.0,0.9856,0.9937,1.0,0.6917,0.9097,valid,valid
916,161.7147,172.0047,1.0,0.9837,0.9928,1.0,0.6442,0.8781,valid,valid
917,162.1689,168.9954,1.0,0.9774,0.9904,1.0,0.5478,0.8235,valid,valid
918,163.4261,169.9902,1.0,0.9832,0.9933,1.0,0.6016,0.8687,valid,valid
919,162.761,171.4685,1.0,0.9753,0.9902,1.0,0.517,0.8207,valid,valid
920,162.0983,173.385,1.0,0.9805,0.9929,1.0,0.547,0.8457,valid,valid
921,161.988,171.2853,1.0,0.9756,0.9911,1.0,0.5446,0.8486,valid,valid
922,161.5628,171.0134,1.0,0.9779,0.9927,1.0,0.5731,0.8735,valid,valid
923,162.6,172.0227,1.0,0.9872,0.996,1.0,0.6766,0.9112,valid,valid
924,162.7303,172.4713,1.0,0.9894,0.9966,1.0,0.6917,0.9151,valid,valid
925,163.5076,172.8579,1.0,0.992,0.9973,1.0,0.7572,0.9359,valid,valid
926,162.8358,172.9857,1.0,0.9798,0.9928,1.0,0.5766,0.8648,valid,valid
927,163.4613,171.6291,1.0,0.9774,0.9923,1.0,0.5607,0.8619,valid,valid
928,163.8048,171.1353,1.0,0.9831,0.9933,1.0,0.6745,0.9099,valid,valid
929,164.6595,171.9856,1.0,0.9855,0.9942,1.0,0.6237,0.8784,valid,valid
930,165.0854,171.0154,1.0,0.9766,0.991,1.0,0.5564,0.8495,valid,valid
931,166.4247,172.1047,1.0,0.9817,0.9927,1.0,0.5943,0.8602,valid,valid
932,167.2592,170.7571,1.0,0.9761,0.9905,1.0,0.5378,0.8247,valid,valid
933,167.7063,172.0543,1.0,0.9738,0.9894,1.0,0.5378,0.837,valid,valid
934,167.4038,173.1476,1.0,0.9783,0.9915,1.0,0.5813,0.8644,valid,valid
935,169.5225,173.4464,1.0,0.9784,0.9913,1.0,0.5804,0.8717,valid,valid
936,169.133,176.841,1.0,0.9857,0.9943,1.0,0.6532,0.9081,valid,valid
937,168.4692,177.9932,1.0,0.9845,0.9935,1.0,0.6454,0.899,valid,valid
938,169.2364,178.5848,1.0,0.972,0.988,1.0,0.5639,0.7985,valid,valid
939,168.1267,177.8522,1.0,0.9788,0.9902,1.0,0.6281,0.8611,valid,valid
940,168.8458,175.9716,1.0,0.9823,0.9916,1.0,0.6387,0.8806,valid,valid
941,166.6177,173.1499,1.0,0.9823,0.9918,1.0,0.6119,0.8637,valid,valid
942,164.352,172.6575,1.0,0.9816,0.9917,1.0,0.6081,0.8739,valid,valid
943,164.3595,168.479,1.0,0.9842,0.993,1.0,0.6837,0.9056,valid,valid
944,158.1514,165.6267,1.0,0.9805,0.9921,1.0,0.6267,0.8901,valid,valid
945,157.2857,160.9938,1.0,0.9726,0.9885,1.0,0.5929,0.876,valid,valid
946,152.9942,151.9769,1.0,0.9756,0.991,1.0,0.574,0.8729,valid,valid
947,145.6303,,1.0,0.9626,0.9846,1.0,0.4617,0.835,valid,chain_incomplete
948,140.5986,141.1712,1.0,0.9764,0.9891,1.0,0.6237,0.8909,valid,valid
949,139.844,136.0971,1.0,0.9675,0.9879,1.0,0.5208,0.8341,valid,valid
950,137.4109,127.6344,1.0,0.9518,0.9851,1.0,0.5452,0.8606,valid,valid
951,135.0915,124.2726,1.0,0.9407,0.9819,1.0,0.5735,0.8713,valid,valid
952,130.7444,118.0974,1.0,0.9759,0.9911,1.0,0.678,0.9074,valid,valid
953,124.0169,109.7518,1.0,0.9566,0.9857,1.0,0.6428,0.8928,valid,valid
954,123.3389,106.7076,1.0,0.9644,0.9812,1.0,0.6659,0.8742,valid,valid
955,122.5038,100.0712,1.0,0.959,0.9811,1.0,0.5917,0.8426,valid,valid
956,122.4288,98.2656,1.0,0.9314,0.9639,1.0,0.5154,0.7371,valid,valid
957,117.828,95.2845,1.0,0.9617,0.9759,1.0,0.6607,0.8344,valid,valid
958,85.4172,120.6422,1.0,0.9882,0.9717,1.0,0.5133,0.5655,valid,valid
959,114.5571,,1.0,0.951,0.9762,1.0,0.4923,0.6569,valid,chain_incomplete
960,116.9881,,1.0,0.9278,0.9689,1.0,0.3815,0.5517,valid,chain_incomplete
961,71.8888,,1.0,0.9822,0.9577,1.0,0.226,0.3664,valid,chain_incomplete
962,119.5909,,1.0,0.8581,0.9373,1.0,0.2047,0.3569,valid,chain_incomplete
963,68.8167,,1.0,0.9909,0.9786,1.0,0.3722,0.5704,valid,chain_incomplete
964,68.2631,,1.0,0.989,0.9742,1.0,0.272,0.4597,valid,chain_incomplete
965,67.0778,,1.0,0.9877,0.9694,1.0,0.2703,0.4506,valid,chain_incomplete
966,67.4961,,1.0,0.9905,0.9759,1.0,0.2752,0.4805,valid,chain_incomplete
967,64.9424,,1.0,0.9902,0.9795,1.0,0.2566,0.4771,valid,chain_incomplete
968,67.5283,,1.0,0.9932,0.9839,1.0,0.3544,0.5792,valid,chain_incomplete
969,68.3377,,1.0,0.9944,0.9848,1.0,0.4098,0.6046,valid,chain_incomplete
970,70.5662,,1.0,0.9909,0.9773,1.0,0.3254,0.5216,valid,chain_incomplete
971,68.2645,,1.0,0.9914,0.9789,1.0,0.3384,0.559,valid,chain_incomplete
972,68.5331,,1.0,0.9734,0.9354,1.0,0.1738,0.2978,valid,chain_incomplete
973,74.0298,,1.0,0.9682,0.9366,1.0,0.1284,0.215,valid,chain_incomplete
974,80.9584,,1.0,0.9891,0.9839,1.0,0.2041,0.3111,valid,chain_incomplete
975,92.9343,,1.0,0.8359,0.8953,1.0,0.1009,0.1948,valid,chain_incomplete
976,89.2807,,1.0,0.959,0.9476,1.0,0.106,0.1756,valid,chain_incomplete
977,122.1064,,1.0,0.9481,0.9739,1.0,0.451,0.6974,valid,chain_incomplete
978,124.858,104.7065,1.0,0.9703,0.9877,1.0,0.5517,0.8398,valid,valid
979,130.8203,111.464,1.0,0.98,0.9899,1.0,0.6413,0.9024,valid,valid
980,133.4704,119.6979,1.0,0.9523,0.9869,1.0,0.5239,0.9001,valid,valid
981,142.535,123.6082,1.0,0.9805,0.9936,1.0,0.7046,0.9453,valid,valid
982,150.198,,1.0,0.9476,0.9865,1.0,0.4927,0.8472,valid,chain_incomplete
983,157.0946,143.2409,1.0,0.9717,0.9917,1.0,0.5724,0.883,valid,valid
984,165.065,151.9738,1.0,0.9622,0.9869,1.0,0.5696,0.7982,valid,valid
985,167.7566,154.7185,1.0,0.9705,0.9909,0.9999,0.5414,0.7664,valid,valid
986,173.0855,159.7429,1.0,0.9806,0.9943,1.0,0.619,0.8932,valid,valid
987,174.5673,164.6475,1.0,0.9855,0.9952,1.0,0.682,0.9277,valid,valid
988,173.9304,170.0463,1.0,0.9851,0.9946,1.0,0.648,0.9132,valid,valid
989,172.0038,167.3442,1.0,0.9926,0.9976,1.0,0.7799,0.955,valid,valid
990,171.1154,168.5936,1.0,0.9863,0.9955,1.0,0.6468,0.9179,valid,valid
991,168.452,167.8393,1.0,0.9885,0.9961,1.0,0.7146,0.9428,valid,valid
992,164.0249,170.0076,1.0,0.9911,0.9967,1.0,0.7704,0.952,valid,valid
993,164.1114,167.1477,1.0,0.9845,0.9936,1.0,0.7027,0.9199,valid,valid
994,164.5735,166.423,1.0,0.9865,0.9944,1.0,0.7819,0.9571,valid,valid
995,164.5267,167.0163,1.0,0.9689,0.9882,1.0,0.5869,0.8946,valid,valid
996,163.7726,165.7134,1.0,0.9831,0.9948,1.0,0.7441,0.9373,valid,valid
997,161.7102,163.2226,0.9999,0.9681,0.9951,0.9999,0.6495,0.8744,valid,valid
998,164.0626,160.3788,0.9999,0.9464,0.9872,0.9998,0.5403,0.806,valid,valid
999,160.8757,156.052,0.9999,0.9633,0.9869,0.9999,0.6003,0.7584,valid,valid
1000,159.5929,154.732,0.9999,0.9697,0.9907,0.9999,0.6021,0.7645,valid,valid
1001,155.2344,,0.9999,0.9122,0.9807,0.9999,0.376,0.6658,valid,chain_incomplete
1002,156.0022,,0.9999,0.8989,0.9787,0.9999,0.3837,0.6578,valid,chain_incomplete
1003,153.0126,,0.9999,0.8888,0.9774,0.9998,0.3724,0.6363,valid,chain_incomplete
1004,153.5887,,0.9999,0.8983,0.9729,0.9998,0.3669,0.5992,valid,chain_incomplete
1005,150.4723,,0.9999,0.8634,0.9647,0.9998,0.2473,0.5135,valid,chain_incomplete
1006,150.6401,158.7798,1.0,0.9846,0.9907,1.0,0.6902,0.8913,valid,valid
1007,151.0672,,1.0,0.9526,0.9802,1.0,0.404,0.7209,valid,chain_incomplete
1008,152.5713,,1.0,0.961,0.9864,1.0,0.4729,0.7859,valid,chain_incomplete
1009,152.3684,164.1178,1.0,0.9743,0.9896,1.0,0.5521,0.834,valid,valid
1010,149.6168,165.6323,1.0,0.9817,0.9917,1.0,0.6749,0.8882,valid,valid
1011,148.2863,164.4541,1.0,0.9874,0.9938,1.0,0.7857,0.9373,valid,valid
1012,142.2333,166.0166,1.0,0.987,0.993,1.0,0.7744,0.9434,valid,valid
1013,139.0517,166.8649,1.0,0.9899,0.994,1.0,0.7759,0.9461,valid,valid
1014,139.1894,163.7815,1.0,0.9932,0.9955,1.0,0.8163,0.954,valid,valid
1015,137.4853,164.3851,1.0,0.9931,0.9953,1.0,0.8112,0.9507,valid,valid
1016,135.4064,166.7006,1.0,0.9911,0.9941,1.0,0.7301,0.928,valid,valid
1017,135.351,165.1586,1.0,0.9914,0.9938,1.0,0.7385,0.9296,valid,valid
1018,135.5437,165.8565,1.0,0.9902,0.9949,1.0,0.7055,0.925,valid,valid
1019,133.0034,165.1692,1.0,0.9932,0.9955,1.0,0.7746,0.9521,valid,valid
1020,134.881,166.6988,1.0,0.9942,0.995,1.0,0.8453,0.9615,valid,valid
1021,131.8275,,1.0,0.9627,0.9867,0.9999,0.4769,0.8278,valid,chain_incomplete
1022,129.6035,,0.9999,0.9635,0.9871,0.9999,0.3961,0.7766,valid,chain_incomplete
1023,128.3158,,0.9999,0.9579,0.9793,0.9999,0.3889,0.7335,valid,chain_incomplete
1024,123.7179,160.0291,0.9999,0.9746,0.9884,0.9999,0.5249,0.8504,valid,valid
1025,118.8044,161.6611,1.0,0.9862,0.9909,0.9999,0.6404,0.8851,valid,valid
1026,113.566,157.0218,1.0,0.9936,0.9943,1.0,0.8338,0.9553,valid,valid
1027,109.8122,149.6216,1.0,0.9904,0.9913,1.0,0.8135,0.9431,valid,valid
1028,106.3765,145.1738,1.0,0.9926,0.9942,1.0,0.7608,0.9309,valid,valid
1029,100.3471,135.228,1.0,0.9914,0.9928,1.0,0.8008,0.9404,valid,valid
1030,96.3836,125.9998,1.0,0.992,0.9947,1.0,0.8394,0.951,valid,valid
1031,95.6817,114.9649,1.0,0.9914,0.9963,1.0,0.8091,0.9509,valid,valid
1032,91.7769,110.9222,1.0,0.9893,0.995,1.0,0.8006,0.9451,valid,valid
1033,90.5065,110.2693,1.0,0.9877,0.9938,1.0,0.8516,0.9656,valid,valid
1034,88.7743,105.7115,1.0,0.9895,0.9951,1.0,0.8066,0.9551,valid,valid
1035,88.5397,108.9137,1.0,0.9762,0.9917,1.0,0.6828,0.9226,valid,valid
1036,88.5479,107.5523,1.0,0.985,0.9935,1.0,0.8114,0.9544,valid,valid
1037,89.4664,109.0285,1.0,0.9868,0.9917,1.0,0.8397,0.9551,valid,valid
1038,91.307,113.408,1.0,0.9898,0.9945,1.0,0.8107,0.9549,valid,valid
1039,95.8606,114.6838,1.0,0.9895,0.9942,1.0,0.7944,0.9466,valid,valid
1040,99.9773,118.0548,1.0,0.9918,0.996,1.0,0.8405,0.9654,valid,valid
1041,104.4143,121.4946,1.0,0.9924,0.9972,1.0,0.8656,0.973,valid,valid
1042,109.7149,121.8222,1.0,0.9888,0.9951,1.0,0.8106,0.9468,valid,valid
1043,113.1567,123.639,1.0,0.9883,0.9954,1.0,0.7857,0.9452,valid,valid
1044,114.622,130.4394,1.0,0.9888,0.9952,1.0,0.7723,0.9461,valid,valid
1045,116.1075,134.7015,1.0,0.9865,0.9932,1.0,0.7415,0.9388,valid,valid
1046,119.0448,140.5159,1.0,0.983,0.991,1.0,0.6917,0.9197,valid,valid
1047,121.1999,141.8709,1.0,0.9846,0.993,1.0,0.772,0.9404,valid,valid
1048,124.0699,142.2855,1.0,0.9831,0.9905,1.0,0.6588,0.896,valid,valid
1049,126.4328,140.8192,1.0,0.9798,0.9881,1.0,0.6402,0.8868,valid,valid
1050,128.5882,143.931,1.0,0.9857,0.9923,1.0,0.7181,0.9293,valid,valid
1051,133.9529,146.251,1.0,0.9918,0.9944,1.0,0.8489,0.9594,valid,valid
1052,138.6526,144.4266,1.0,0.983,0.9936,1.0,0.6174,0.8952,valid,valid
1053,143.6177,146.2551,1.0,0.9771,0.9928,1.0,0.6477,0.9107,valid,valid
1054,144.0821,147.8852,1.0,0.9816,0.9928,1.0,0.6227,0.8883,valid,valid
1055,144.8877,150.13,1.0,0.9784,0.9916,1.0,0.5513,0.8623,valid,valid
1056,142.401,151.99,1.0,0.9819,0.9936,1.0,0.6628,0.917,valid,valid
1057,140.4311,151.6027,1.0,0.9834,0.9933,1.0,0.5751,0.8698,valid,valid
1058,137.1967,156.4221,1.0,0.9904,0.9962,1.0,0.7139,0.9197,valid,valid
1059,134.4373,158.0239,1.0,0.9889,0.996,1.0,0.6468,0.9127,valid,valid
1060,135.2105,158.687,1.0,0.9889,0.9951,1.0,0.6452,0.9106,valid,valid
1061,134.3005,160.1961,1.0,0.9893,0.9958,1.0,0.6654,0.9078,valid,valid
1062,138.1085,160.2998,1.0,0.9893,0.996,1.0,0.6899,0.9212,valid,valid
1063,136.6507,162.088,1.0,0.9918,0.9961,1.0,0.7271,0.936,valid,valid
1064,134.7203,159.5923,1.0,0.986,0.9935,1.0,0.5835,0.885,valid,valid
1065,134.0022,157.3116,1.0,0.9796,0.9905,1.0,0.5534,0.8473,valid,valid
1066,135.9541,158.1694,1.0,0.9858,0.9936,1.0,0.664,0.905,valid,valid
1067,138.5831,154.0677,1.0,0.975,0.9901,1.0,0.5771,0.8588,valid,valid
1068,143.9636,152.5856,1.0,0.9702,0.9896,1.0,0.5638,0.852,valid,valid
1069,144.0212,153.4059,1.0,0.9757,0.9913,1.0,0.6262,0.8971,valid,valid
1070,144.5534,,1.0,0.9467,0.9802,1.0,0.4603,0.8099,valid,chain_incomplete
1071,148.5911,,1.0,0.9591,0.982,1.0,0.4986,0.8303,valid,chain_incomplete
1072,148.9447,160.4609,1.0,0.9636,0.982,1.0,0.5399,0.8527,valid,valid
1073,149.4823,159.6735,1.0,0.9638,0.9832,1.0,0.5243,0.8352,valid,valid
1074,149.7807,,1.0,0.9498,0.9787,1.0,0.4375,0.7868,valid,chain_incomplete
1075,151.4277,,1.0,0.942,0.9755,1.0,0.4195,0.7991,valid,chain_incomplete
1076,150.0104,163.6521,1.0,0.9561,0.98,1.0,0.5011,0.8421,valid,valid
1077,151.1681,,1.0,0.946,0.979,1.0,0.4326,0.8023,valid,chain_incomplete
1078,151.3504,163.8822,1.0,0.9688,0.9859,1.0,0.5464,0.8583,valid,valid
1079,151.1347,164.4322,1.0,0.9809,0.9917,1.0,0.6276,0.9041,valid,valid
1080,149.7846,164.7825,1.0,0.9723,0.9897,1.0,0.5383,0.8761,valid,valid
1081,154.919,166.3336,1.0,0.9822,0.9936,1.0,0.6734,0.9216,valid,valid
1082,159.363,166.0538,1.0,0.9882,0.9956,1.0,0.7342,0.9325,valid,valid
1083,164.1376,164.8355,1.0,0.98,0.9932,1.0,0.5865,0.889,valid,valid
1084,164.7922,163.8236,1.0,0.9948,0.9982,1.0,0.8193,0.9619,valid,valid
1085,165.2162,160.6416,1.0,0.9896,0.9967,1.0,0.6938,0.9288,valid,valid
1086,162.7682,164.6976,1.0,0.9886,0.9961,1.0,0.7153,0.9397,valid,valid
1087,161.6174,162.3322,1.0,0.9887,0.9962,1.0,0.6882,0.9176,valid,valid
1088,161.0022,164.3082,1.0,0.9907,0.9966,1.0,0.7316,0.936,valid,valid
1089,161.4708,164.8715,1.0,0.9853,0.9943,1.0,0.661,0.899,valid,valid
1090,159.8416,168.8945,1.0,0.9732,0.991,1.0,0.5354,0.8415,valid,valid
1091,159.5549,167.5882,1.0,0.9803,0.9924,1.0,0.652,0.8947,valid,valid
1092,158.8864,169.6336,1.0,0.9695,0.9877,1.0,0.5258,0.8229,valid,valid
1093,157.468,168.3502,1.0,0.9746,0.9906,1.0,0.5683,0.8663,valid,valid
1094,157.2289,171.4422,1.0,0.9609,0.9838,1.0,0.5016,0.8224,valid,valid
1095,153.7309,169.2441,1.0,0.9639,0.9861,1.0,0.5277,0.8497,valid,valid
1096,152.3098,169.7461,1.0,0.972,0.9887,1.0,0.6161,0.8933,valid,valid
1097,151.8533,170.4158,1.0,0.9615,0.9842,1.0,0.542,0.8561,valid,valid
1098,150.4781,167.8554,1.0,0.9601,0.9839,1.0,0.5204,0.8375,valid,valid
1099,148.1522,168.5869,1.0,0.9666,0.9858,1.0,0.5477,0.8555,valid,valid
1100,147.053,,1.0,0.9421,0.9772,1.0,0.4119,0.7632,valid,chain_incomplete
1101,145.851,167.8518,1.0,0.969,0.9857,1.0,0.5059,0.8234,valid,valid
1102,145.5888,,1.0,0.9545,0.9822,1.0,0.4245,0.7638,valid,chain_incomplete
1103,144.2698,,1.0,0.9682,0.9877,1.0,0.4634,0.7947,valid,chain_incomplete
1104,142.8731,,1.0,0.949,0.9843,1.0,0.3582,0.7066,valid,chain_incomplete
1105,140.9336,166.3528,1.0,0.9794,0.9923,1.0,0.5562,0.8598,valid,valid
1106,138.1679,,1.0,0.9669,0.9872,1.0,0.3863,0.7527,valid,chain_incomplete
1107,140.3763,167.8377,1.0,0.9797,0.9934,1.0,0.5959,0.8866,valid,valid
1108,142.5333,,1.0,0.9684,0.9903,1.0,0.4844,0.8243,valid,chain_incomplete
1109,147.6083,,1.0,0.9633,0.9879,1.0,0.4502,0.7862,valid,chain_incomplete
1110,149.2398,,1.0,0.9514,0.9828,0.9999,0.4352,0.7063,valid,chain_incomplete
1111,149.6975,168.4455,1.0,0.9758,0.9915,1.0,0.5817,0.8637,valid,valid
1112,148.5156,167.5648,1.0,0.9774,0.992,1.0,0.5531,0.8443,valid,valid
1113,146.1333,167.9477,1.0,0.9734,0.989,0.9999,0.5817,0.7934,valid,valid
1114,144.0042,168.6221,1.0,0.9811,0.9913,1.0,0.5538,0.8614,valid,valid
1115,141.5937,169.8164,1.0,0.9845,0.9916,1.0,0.6364,0.9008,valid,valid
1116,139.3181,170.154,1.0,0.9867,0.9931,1.0,0.6333,0.9037,valid,valid
1117,138.0308,172.7164,1.0,0.9859,0.992,1.0,0.6632,0.9108,valid,valid
1118,140.0062,166.1461,1.0,0.9799,0.9913,1.0,0.5894,0.8659,valid,valid
1119,133.9171,166.5853,1.0,0.9847,0.9929,1.0,0.6889,0.9219,valid,valid
1120,129.5159,165.1383,1.0,0.9853,0.9916,1.0,0.6697,0.9143,valid,valid
1121,128.2208,163.7119,1.0,0.9844,0.9903,1.0,0.6396,0.8956,valid,valid
1122,123.1521,161.8624,1.0,0.9881,0.9931,1.0,0.7335,0.9231,valid,valid
1123,121.9634,159.0076,1.0,0.9857,0.9921,1.0,0.7069,0.9148,valid,valid
1124,118.1664,155.7224,1.0,0.985,0.9916,1.0,0.7147,0.9142,valid,valid
1125,114.4568,153.4684,1.0,0.9853,0.9913,1.0,0.7058,0.9088,valid,valid
1126,111.3046,150.2758,1.0,0.9872,0.9918,1.0,0.7681,0.9357,valid,valid
1127,109.3907,142.628,1.0,0.9896,0.9916,1.0,0.7896,0.9438,valid,valid
1128,107.019,134.2938,1.0,0.9865,0.9902,1.0,0.7926,0.9427,valid,valid
1129,105.3456,128.1613,1.0,0.9895,0.9925,1.0,0.838,0.9563,valid,valid
1130,103.1772,119.2625,1.0,0.9903,0.9936,1.0,0.8454,0.9556,valid,valid
1131,101.5369,110.108,1.0,0.9908,0.9944,1.0,0.8601,0.9567,valid,valid
1132,97.3774,106.7135,1.0,0.9935,0.9962,1.0,0.901,0.9735,valid,valid
1133,94.2615,100.6465,1.0,0.9937,0.9957,1.0,0.9185,0.9797,valid,valid
1134,91.7639,97.9075,1.0,0.9952,0.9969,1.0,0.9455,0.9854,valid,valid
1135,88.4316,94.4584,1.0,0.9962,0.9969,1.0,0.9696,0.9918,valid,valid
1136,84.9098,92.4638,1.0,0.9969,0.9975,1.0,0.9794,0.9928,valid,valid
1137,85.6481,88.3311,1.0,0.994,0.9967,1.0,0.9581,0.9837,valid,valid
1138,84.9829,83.4281,1.0,0.9834,0.9894,1.0,0.9161,0.958,valid,valid
1139,81.0534,79.3775,1.0,0.9788,0.9878,1.0,0.8998,0.9446,valid,valid
1140,83.272,75.5492,1.0,0.9656,0.9871,1.0,0.8423,0.9055,valid,valid
1141,83.1951,72.7426,1.0,0.9476,0.985,1.0,0.6746,0.8441,valid,valid
1142,80.1121,70.1715,1.0,0.9519,0.9895,1.0,0.712,0.893,valid,valid
1143,75.0217,65.8951,1.0,0.9759,0.9939,1.0,0.8548,0.9512,valid,valid
1144,73.0975,63.4612,1.0,0.9631,0.9877,1.0,0.864,0.9461,valid,valid
1145,74.1449,64.3704,1.0,0.9622,0.9878,1.0,0.8484,0.9257,valid,valid
1146,74.2638,59.6084,1.0,0.97,0.9895,1.0,0.8824,0.9453,valid,valid
1147,56.7641,73.4598,1.0,0.9965,0.9886,1.0,0.8084,0.8683,valid,valid
1148,53.3657,129.285,0.9999,0.996,0.9961,1.0,0.8262,0.9284,valid,valid
1149,68.4725,58.0055,1.0,0.9982,0.9989,1.0,0.9934,0.9971,valid,valid
1150,57.487,74.0564,1.0,0.9983,0.9938,1.0,0.9503,0.9569,valid,valid
1151,69.336,55.2573,1.0,0.9994,0.9997,1.0,0.9972,0.9987,valid,valid
1152,70.8196,52.9262,1.0,0.9992,0.9998,1.0,0.9935,0.9975,valid,valid
1153,70.975,54.3176,1.0,0.9994,0.9998,1.0,0.9937,0.9978,valid,valid
1154,70.8219,52.5318,1.0,0.9994,0.9999,1.0,0.9938,0.9982,valid,valid
1155,70.1421,52.1548,1.0,0.9995,0.9999,1.0,0.9949,0.9983,valid,valid
1156,69.6141,51.783,1.0,0.9993,0.9998,1.0,0.9938,0.9976,valid,valid
1157,71.4889,54.1472,1.0,0.9991,0.9998,1.0,0.991,0.9974,valid,valid
1158,71.3138,53.959,1.0,0.9993,0.9998,1.0,0.9932,0.9976,valid,valid
1159,74.4773,54.9856,1.0,0.9988,0.9997,1.0,0.9864,0.9948,valid,valid
1160,76.0819,55.7781,1.0,0.9971,0.9993,1.0,0.9831,0.9945,valid,valid
1161,78.5762,55.0858,1.0,0.9954,0.9988,1.0,0.9755,0.9902,valid,valid
1162,62.8871,,1.0,0.9716,0.9856,0.9999,0.4388,0.6477,valid,chain_incomplete
1163,56.7546,91.5996,1.0,0.9948,0.983,1.0,0.8791,0.8961,valid,valid
1164,87.5651,59.5378,1.0,0.8696,0.9768,1.0,0.5387,0.7586,valid,valid
1165,96.6382,67.6369,1.0,0.9568,0.9882,1.0,0.8189,0.9256,valid,valid
1166,68.7652,123.2532,1.0,0.9877,0.9765,1.0,0.6849,0.7698,valid,valid
1167,100.684,74.9949,1.0,0.933,0.9777,1.0,0.5906,0.7895,valid,valid
1168,106.0381,,1.0,0.9211,0.9715,1.0,0.4855,0.7422,valid,chain_incomplete
1169,115.9793,87.2797,1.0,0.9512,0.9818,1.0,0.7718,0.9011,valid,valid
1170,122.1162,93.2726,1.0,0.9505,0.9771,1.0,0.7204,0.8941,valid,valid
1171,129.0178,98.7727,1.0,0.9378,0.9728,1.0,0.5526,0.8172,valid,valid
1172,134.2993,,1.0,0.9543,0.9849,1.0,0.4857,0.7933,valid,chain_incomplete
1173,136.8897,,1.0,0.9016,0.9721,1.0,0.4577,0.7611,valid,chain_incomplete
1174,146.3565,,1.0,0.8507,0.9559,1.0,0.3588,0.5884,valid,chain_incomplete
1175,152.3878,134.2825,1.0,0.9298,0.9799,1.0,0.5279,0.8153,valid,valid
1176,157.3628,,1.0,0.9128,0.9765,1.0,0.4636,0.7936,valid,chain_incomplete
1177,163.1443,148.6956,1.0,0.9272,0.9809,1.0,0.5521,0.8485,valid,valid
1178,170.0876,151.2176,1.0,0.9298,0.9826,1.0,0.5727,0.8552,valid,valid
1179,172.985,160.1827,1.0,0.9541,0.9904,1.0,0.6562,0.9197,valid,valid
1180,174.6411,169.3112,1.0,0.9666,0.9938,1.0,0.6834,0.9211,valid,valid
1181,177.4502,171.7815,1.0,0.9657,0.9936,1.0,0.6667,0.9151,valid,valid
1182,175.4249,175.3027,1.0,0.9781,0.9959,1.0,0.7432,0.9366,valid,valid
1183,176.3001,177.8649,1.0,0.9729,0.9947,1.0,0.7039,0.9294,valid,valid
